,STPK,Mutant,DEG,Fold-change (log2),p-value,Induced/ Repressed
0,PknB,OE,Rv3269,-3.0417,8.72e-27,Repressed
1,PknB,OE,Rv2398c,-2.602,8.39e-12,Repressed
2,PknB,OE,Rv1218c,-2.5868,1.24e-16,Repressed
3,PknB,OE,Rv3660c,-2.4804,6.95e-11,Repressed
4,PknB,OE,Rv3250c,-2.2576,3.04e-11,Repressed
5,PknB,OE,Rv3251c,-2.2149,2.48e-09,Repressed
6,PknB,OE,Rv2620c,-2.2045,1.37e-15,Repressed
7,PknB,OE,Rv3054c,-2.1786,1.87e-05,Repressed
8,PknB,OE,Rv2662,-2.1707,1.44e-05,Repressed
9,PknB,OE,Rv0768,-2.1439,3.12e-07,Repressed
10,PknB,OE,Rv0654,-2.0064,6.15e-09,Repressed
11,PknB,OE,Rv2399c,-2.003,2.09e-07,Repressed
12,PknB,OE,Rv1965,2.0592,1.81e-06,Induced
13,PknB,OE,Rv0015c,2.1295,9.74e-31,Induced
14,PknB,OE,Rv1131,2.2588,1.73e-07,Induced
15,PknB,OE,Rv1130,2.4886,1.73e-08,Induced
16,PknB,LOF,Rv2625c,-5.8545,1.58e-25,Repressed
17,PknB,LOF,Rv2628,-5.7862,5.52e-23,Repressed
18,PknB,LOF,Rv2626c,-5.7714,1.9e-13,Repressed
19,PknB,LOF,Rv2623,-5.4841,1.44e-17,Repressed
20,PknB,LOF,Rv2624c,-5.262,1.68e-20,Repressed
21,PknB,LOF,Rv3129,-5.24,4.08e-11,Repressed
22,PknB,LOF,Rv2627c,-4.9481,4.59e-13,Repressed
23,PknB,LOF,Rv2007c,-4.6191,1.27e-10,Repressed
24,PknB,LOF,Rv3130c,-4.5554,7.04e-16,Repressed
25,PknB,LOF,Rv1996,-4.5338,1.5e-20,Repressed
26,PknB,LOF,Rv3128c,-4.5155,1.5e-09,Repressed
27,PknB,LOF,Rv2629,-4.1445,3.12e-23,Repressed
28,PknB,LOF,Rv2630,-4.0505,4.12e-42,Repressed
29,PknB,LOF,Rv3127,-4.0438,2.58e-14,Repressed
30,PknB,LOF,Rv0678,-3.904,8.19e-55,Repressed
31,PknB,LOF,Rv3251c,-3.699,2.46e-72,Repressed
32,PknB,LOF,Rv2030c,-3.6497,9.1e-07,Repressed
33,PknB,LOF,Rv0792c,-3.559,2.58e-79,Repressed
34,PknB,LOF,Rv0679c,-3.5054,3.39e-40,Repressed
35,PknB,LOF,Rv1738,-3.5007,1.23e-06,Repressed
36,PknB,LOF,Rv3252c,-3.4713,1.46e-59,Repressed
37,PknB,LOF,Rv1578c,-3.4149,1.58e-67,Repressed
38,PknB,LOF,Rv0232,-3.4054,3.19e-50,Repressed
39,PknB,LOF,Rv2031c,-3.3814,3.38e-06,Repressed
40,PknB,LOF,Rv1997,-3.3766,2.74e-12,Repressed
41,PknB,LOF,Rv1813c,-3.1855,2.65e-17,Repressed
42,PknB,LOF,Rv1737c,-3.182,1.25e-06,Repressed
43,PknB,LOF,Rv0569,-3.1004,4.76e-08,Repressed
44,PknB,LOF,Rv2621c,-3.0167,7.21e-68,Repressed
45,PknB,LOF,Rv1734c,-2.9459,2.79e-24,Repressed
46,PknB,LOF,Rv3131,-2.9082,7.44e-11,Repressed
47,PknB,LOF,Rv0670,-2.8641,7.75e-30,Repressed
48,PknB,LOF,Rv0982,-2.8556,1.26e-35,Repressed
49,PknB,LOF,Rv0837c,-2.8141,4.11e-47,Repressed
50,PknB,LOF,Rv1733c,-2.812,3.55e-06,Repressed
51,PknB,LOF,Rv0984,-2.7532,5.94e-46,Repressed
52,PknB,LOF,Rv3854c,-2.7246,3.19e-79,Repressed
53,PknB,LOF,Rv0251c,-2.7198,2.48e-68,Repressed
54,PknB,LOF,Rv1739c,-2.716,3.59e-05,Repressed
55,PknB,LOF,Rv2913c,-2.7148,3e-51,Repressed
56,PknB,LOF,Rv3250c,-2.7109,8.15e-52,Repressed
57,PknB,LOF,Rv0876c,-2.6924,2.02e-67,Repressed
58,PknB,LOF,Rv2028c,-2.6795,2.54e-06,Repressed
59,PknB,LOF,Rv2694c,-2.6614,9.53e-61,Repressed
60,PknB,LOF,Rv0677c,-2.6601,3.37e-52,Repressed
61,PknB,LOF,Rv3269,-2.6447,3.97e-79,Repressed
62,PknB,LOF,Rv3290c,-2.6168,1.39e-27,Repressed
63,PknB,LOF,Rv2745c,-2.6133,6.28e-29,Repressed
64,PknB,LOF,Rv0676c,-2.613,4.7e-66,Repressed
65,PknB,LOF,Rv0791c,-2.604,1.2e-69,Repressed
66,PknB,LOF,Rv2744c,-2.6002,1.31e-20,Repressed
67,PknB,LOF,Rv1586c,-2.5777,5.07e-57,Repressed
68,PknB,LOF,Rv1169c,-2.554,1.36e-27,Repressed
69,PknB,LOF,Rv0983,-2.5475,8.53e-40,Repressed
70,PknB,LOF,Rv1057,-2.5293,8.16e-27,Repressed
71,PknB,LOF,Rv1736c,-2.5165,1.54e-12,Repressed
72,PknB,LOF,Rv3134c,-2.5021,1.15e-05,Repressed
73,PknB,LOF,Rv2005c,-2.3864,5.24e-06,Repressed
74,PknB,LOF,Rv3289c,-2.3377,8.94e-39,Repressed
75,PknB,LOF,Rv0233,-2.331,1.36e-30,Repressed
76,PknB,LOF,Rv0875c,-2.3155,3.86e-33,Repressed
77,PknB,LOF,Rv2620c,-2.3126,2.26e-78,Repressed
78,PknB,LOF,Rv2006,-2.2784,9.38e-19,Repressed
79,PknB,LOF,Rv2785c,-2.2751,9.38e-79,Repressed
80,PknB,LOF,Rv3132c,-2.2524,4.25e-09,Repressed
81,PknB,LOF,Rv2029c,-2.2366,9.53e-05,Repressed
82,PknB,LOF,Rv1219c,-2.2274,2.39e-70,Repressed
83,PknB,LOF,Rv3536c,-2.191,4.8e-36,Repressed
84,PknB,LOF,Rv2004c,-2.19,1.4e-06,Repressed
85,PknB,LOF,Rv2495c,-2.168,1e-35,Repressed
86,PknB,LOF,Rv0942,-2.1646,2.3e-28,Repressed
87,PknB,LOF,Rv1894c,-2.1587,7.23e-60,Repressed
88,PknB,LOF,Rv3526,-2.1151,7.21e-52,Repressed
89,PknB,LOF,Rv1168c,-2.0836,2.66e-41,Repressed
90,PknB,LOF,Rv2496c,-2.0679,3.22e-24,Repressed
91,PknB,LOF,Rv1735c,-2.0631,4.31e-22,Repressed
92,PknB,LOF,Rv2693c,-2.03,2.48e-47,Repressed
93,PknB,LOF,Rv0985c,-2.027,1.22e-28,Repressed
94,PknB,LOF,Rv0570,-2.0174,5.58e-12,Repressed
95,PknB,LOF,Rv0941c,-2.0126,5.86e-22,Repressed
96,PknB,LOF,Rv1848,2.0036,3.65e-05,Induced
97,PknB,LOF,Rv0773c,2.0039,5.24e-08,Induced
98,PknB,LOF,Rv2839c,2.0051,3.45e-22,Induced
99,PknB,LOF,Rv1317c,2.006,4.66e-26,Induced
100,PknB,LOF,Rv3063,2.0076,3.98e-11,Induced
101,PknB,LOF,Rv3308,2.0077,7.61e-09,Induced
102,PknB,LOF,Rv1355c,2.0078,1.92e-11,Induced
103,PknB,LOF,Rv1701,2.0079,7.07e-08,Induced
104,PknB,LOF,Rv3486,2.0093,9.59e-09,Induced
105,PknB,LOF,Rv2748c,2.0096,2.98e-25,Induced
106,PknB,LOF,Rv2415c,2.0122,1.48e-05,Induced
107,PknB,LOF,Rv0963c,2.0131,6.61e-05,Induced
108,PknB,LOF,Rv1711,2.0138,2.1e-08,Induced
109,PknB,LOF,Rv2820c,2.0146,0.003652314,Induced
110,PknB,LOF,Rv1515c,2.0168,0.000196433,Induced
111,PknB,LOF,Rv3331,2.0187,4.52e-12,Induced
112,PknB,LOF,Rv1432,2.0189,7.26e-09,Induced
113,PknB,LOF,Rv2977c,2.0203,5.81e-12,Induced
114,PknB,LOF,Rv0492A,2.0203,0.000110569,Induced
115,PknB,LOF,Rv3702c,2.0242,5.71e-05,Induced
116,PknB,LOF,Rv1399c,2.0247,2.06e-05,Induced
117,PknB,LOF,Rv1830,2.0254,1.5e-16,Induced
118,PknB,LOF,Rv3839,2.0276,0.001146137,Induced
119,PknB,LOF,Rv3499c,2.0289,5.06e-14,Induced
120,PknB,LOF,Rv1313c,2.0314,3.23e-15,Induced
121,PknB,LOF,Rv3190A,2.0349,0.000249992,Induced
122,PknB,LOF,Rv1426c,2.0351,3.13e-06,Induced
123,PknB,LOF,Rv3798,2.0381,2.3e-15,Induced
124,PknB,LOF,Rv3368c,2.04,1.22e-07,Induced
125,PknB,LOF,Rv0373c,2.0431,2.18e-08,Induced
126,PknB,LOF,Rv1128c,2.0436,2.75e-05,Induced
127,PknB,LOF,Rv3807c,2.0441,1.69e-08,Induced
128,PknB,LOF,Rv3298c,2.0457,1.23e-08,Induced
129,PknB,LOF,Rv1252c,2.0458,1.15e-06,Induced
130,PknB,LOF,Rv0209,2.0461,3.8e-13,Induced
131,PknB,LOF,Rv3389c,2.0524,2.84e-16,Induced
132,PknB,LOF,Rv2938,2.0535,2.43e-09,Induced
133,PknB,LOF,Rv3611,2.0546,6.46e-11,Induced
134,PknB,LOF,Rv3447c,2.0567,2.14e-07,Induced
135,PknB,LOF,Rv0576,2.057,2.72e-20,Induced
136,PknB,LOF,Rv2598,2.059,0.003552575,Induced
137,PknB,LOF,Rv1569,2.0595,2.23e-13,Induced
138,PknB,LOF,Rv1570,2.0606,1.97e-07,Induced
139,PknB,LOF,Rv3827c,2.0664,2.96e-20,Induced
140,PknB,LOF,Rv2485c,2.0685,2.05e-13,Induced
141,PknB,LOF,Rv0995,2.0685,1.09e-07,Induced
142,PknB,LOF,Rv1700,2.0693,8.79e-09,Induced
143,PknB,LOF,Rv3554,2.0696,8.6e-12,Induced
144,PknB,LOF,Rv3446c,2.0723,0.002196021,Induced
145,PknB,LOF,Rv0533c,2.0724,3.94e-12,Induced
146,PknB,LOF,Rv0619,2.0729,0.000177915,Induced
147,PknB,LOF,Rv1157c,2.0739,4.02e-17,Induced
148,PknB,LOF,Rv2948c,2.0804,9.91e-14,Induced
149,PknB,LOF,Rv1279,2.0805,1.25e-17,Induced
150,PknB,LOF,Rv3564,2.0816,0.000292956,Induced
151,PknB,LOF,Rv2438A,2.0877,0.002288313,Induced
152,PknB,LOF,Rv0861c,2.0888,2.93e-16,Induced
153,PknB,LOF,Rv1562c,2.0935,1.29e-11,Induced
154,PknB,LOF,Rv2981c,2.0943,7.28e-18,Induced
155,PknB,LOF,Rv0723,2.0959,3.84e-17,Induced
156,PknB,LOF,Rv3487c,2.0966,5.06e-07,Induced
157,PknB,LOF,Rv1085c,2.0984,8.91e-09,Induced
158,PknB,LOF,Rv0057,2.0997,1.12e-11,Induced
159,PknB,LOF,Rv0222,2.101,9.17e-07,Induced
160,PknB,LOF,Rv3151,2.1033,9.94e-20,Induced
161,PknB,LOF,Rv3014c,2.1069,1.11e-16,Induced
162,PknB,LOF,Rv2861c,2.1076,1.14e-17,Induced
163,PknB,LOF,Rv1242,2.108,2.47e-07,Induced
164,PknB,LOF,Rv1661,2.1082,8.14e-18,Induced
165,PknB,LOF,Rv1030,2.111,7.08e-10,Induced
166,PknB,LOF,Rv3196,2.111,9.33e-08,Induced
167,PknB,LOF,Rv2837c,2.1124,2.47e-24,Induced
168,PknB,LOF,Rv2252,2.1149,7.44e-13,Induced
169,PknB,LOF,Rv0622,2.1182,6.54e-11,Induced
170,PknB,LOF,Rv1070c,2.1201,2.29e-13,Induced
171,PknB,LOF,Rv0205,2.1217,3.01e-11,Induced
172,PknB,LOF,Rv1186c,2.1218,6.33e-17,Induced
173,PknB,LOF,Rv3354,2.1219,0.000221477,Induced
174,PknB,LOF,Rv0375c,2.1237,8.51e-05,Induced
175,PknB,LOF,Rv1024,2.1245,1.19e-07,Induced
176,PknB,LOF,Rv0612,2.1259,4.79e-16,Induced
177,PknB,LOF,Rv0263c,2.1297,6.54e-09,Induced
178,PknB,LOF,Rv2530A,2.132,0.000546336,Induced
179,PknB,LOF,Rv3313c,2.1361,5.31e-07,Induced
180,PknB,LOF,Rv3386,2.1384,0.001096945,Induced
181,PknB,LOF,Rv0237,2.1411,4.35e-09,Induced
182,PknB,LOF,Rv3790,2.1422,1.72e-14,Induced
183,PknB,LOF,Rv1514c,2.1522,0.000140542,Induced
184,PknB,LOF,Rv2414c,2.1535,3.79e-18,Induced
185,PknB,LOF,Rv2427A,2.1632,0.005700668,Induced
186,PknB,LOF,Rv2838c,2.1656,4.27e-19,Induced
187,PknB,LOF,Rv2073c,2.1682,1.34e-08,Induced
188,PknB,LOF,Rv3155,2.1719,0.00013761,Induced
189,PknB,LOF,Rv1614,2.1758,5.89e-18,Induced
190,PknB,LOF,Rv2070c,2.1766,1.21e-07,Induced
191,PknB,LOF,Rv2734,2.1779,2.73e-10,Induced
192,PknB,LOF,Rv0374c,2.1786,0.000749699,Induced
193,PknB,LOF,Rv0735,2.1817,3.2e-07,Induced
194,PknB,LOF,Rv3703c,2.1827,7.72e-14,Induced
195,PknB,LOF,Rv0150c,2.1862,2.6e-07,Induced
196,PknB,LOF,Rv3887c,2.1866,6.04e-12,Induced
197,PknB,LOF,Rv3333c,2.1888,0.000417231,Induced
198,PknB,LOF,Rv1079,2.1908,7.33e-26,Induced
199,PknB,LOF,Rv3169,2.1923,4.07e-13,Induced
200,PknB,LOF,Rv3665c,2.1929,0.000344113,Induced
201,PknB,LOF,Rv0119,2.1947,1.34e-13,Induced
202,PknB,LOF,Rv2937,2.1955,1.01e-10,Induced
203,PknB,LOF,Rv0059,2.1955,6.15e-09,Induced
204,PknB,LOF,Rv3579c,2.1975,2.76e-21,Induced
205,PknB,LOF,Rv3670,2.1997,2.08e-07,Induced
206,PknB,LOF,Rv1768,2.2023,4.11e-18,Induced
207,PknB,LOF,Rv1013,2.2051,1.4e-32,Induced
208,PknB,LOF,Rv1680,2.2052,1.32e-05,Induced
209,PknB,LOF,Rv0736,2.2063,5.17e-10,Induced
210,PknB,LOF,Rv1276c,2.2091,2.32e-09,Induced
211,PknB,LOF,Rv3498c,2.2129,6.12e-15,Induced
212,PknB,LOF,Rv1973,2.2165,0.002043862,Induced
213,PknB,LOF,Rv0156,2.2169,0.000283327,Induced
214,PknB,LOF,Rv1144,2.2187,2.04e-08,Induced
215,PknB,LOF,Rv1184c,2.2192,1.5e-14,Induced
216,PknB,LOF,Rv3156,2.2259,2.16e-19,Induced
217,PknB,LOF,Rv2940c,2.2327,1.92e-14,Induced
218,PknB,LOF,Rv0429c,2.2336,8.12e-05,Induced
219,PknB,LOF,Rv2935,2.2383,1.98e-34,Induced
220,PknB,LOF,Rv2046,2.2447,7.99e-07,Induced
221,PknB,LOF,Rv3792,2.2451,5.95e-11,Induced
222,PknB,LOF,Rv3805c,2.2453,4.16e-17,Induced
223,PknB,LOF,Rv0068,2.2459,3.2e-09,Induced
224,PknB,LOF,Rv3580c,2.2466,1.16e-32,Induced
225,PknB,LOF,Rv1660,2.2487,3.98e-20,Induced
226,PknB,LOF,Rv3500c,2.2497,3.46e-13,Induced
227,PknB,LOF,Rv3441c,2.2503,6.91e-21,Induced
228,PknB,LOF,Rv1849,2.2503,1.12e-06,Induced
229,PknB,LOF,Rv2275,2.2511,0.000141938,Induced
230,PknB,LOF,Rv3656c,2.2516,9.4e-05,Induced
231,PknB,LOF,Rv2943A,2.2566,0.000400067,Induced
232,PknB,LOF,Rv3578,2.2575,5.41e-10,Induced
233,PknB,LOF,Rv0197,2.2637,7.97e-17,Induced
234,PknB,LOF,Rv3614c,2.2639,3.83e-16,Induced
235,PknB,LOF,Rv1067c,2.2644,7.8e-08,Induced
236,PknB,LOF,Rv0069c,2.2652,1.64e-14,Induced
237,PknB,LOF,Rv0360c,2.2674,0.000466209,Induced
238,PknB,LOF,Rv0997,2.2679,8.7e-10,Induced
239,PknB,LOF,Rv3375,2.271,0.00019504,Induced
240,PknB,LOF,Rv2403c,2.2712,1.15e-07,Induced
241,PknB,LOF,Rv2191,2.2734,8.04e-15,Induced
242,PknB,LOF,Rv1091,2.2788,9.82e-14,Induced
243,PknB,LOF,Rv1457c,2.2803,2e-09,Induced
244,PknB,LOF,Rv0416,2.2809,0.008414696,Induced
245,PknB,LOF,Rv1241,2.2861,2.97e-06,Induced
246,PknB,LOF,Rv0210,2.2911,6.33e-10,Induced
247,PknB,LOF,Rv2944,2.2931,1.99e-05,Induced
248,PknB,LOF,Rv3032,2.2944,3.5e-06,Induced
249,PknB,LOF,Rv3388,2.2967,8.03e-08,Induced
250,PknB,LOF,Rv3258c,2.2972,4.51e-20,Induced
251,PknB,LOF,Rv0540,2.2983,0.001232302,Induced
252,PknB,LOF,Rv0516c,2.2991,2.56e-09,Induced
253,PknB,LOF,Rv3152,2.3001,7.34e-15,Induced
254,PknB,LOF,Rv2898c,2.3004,0.001143838,Induced
255,PknB,LOF,Rv0708,2.306,2.45e-11,Induced
256,PknB,LOF,Rv3439c,2.3108,5.19e-17,Induced
257,PknB,LOF,Rv2407,2.313,1.59e-05,Induced
258,PknB,LOF,Rv0621,2.3186,1.76e-16,Induced
259,PknB,LOF,Rv2967c,2.3273,4.38e-25,Induced
260,PknB,LOF,Rv3031,2.3301,1.24e-09,Induced
261,PknB,LOF,Rv1719,2.3321,0.000133648,Induced
262,PknB,LOF,Rv0358,2.3332,7.02e-06,Induced
263,PknB,LOF,Rv3641c,2.3339,1.73e-24,Induced
264,PknB,LOF,Rv2425c,2.3376,2.89e-09,Induced
265,PknB,LOF,Rv0310c,2.3397,9.72e-08,Induced
266,PknB,LOF,Rv1611,2.3411,9.57e-22,Induced
267,PknB,LOF,Rv3422c,2.3415,8.31e-09,Induced
268,PknB,LOF,Rv0707,2.3443,4.37e-15,Induced
269,PknB,LOF,Rv1206,2.3445,2.32e-15,Induced
270,PknB,LOF,Rv0734,2.3457,5.27e-19,Induced
271,PknB,LOF,Rv0236c,2.3458,1.91e-27,Induced
272,PknB,LOF,Rv2799,2.3497,3.62e-14,Induced
273,PknB,LOF,Rv1568,2.3517,4.26e-10,Induced
274,PknB,LOF,Rv1473A,2.3539,6.91e-05,Induced
275,PknB,LOF,Rv2248,2.3563,1.09e-12,Induced
276,PknB,LOF,Rv1437,2.357,2.26e-15,Induced
277,PknB,LOF,Rv2249c,2.3577,1.37e-13,Induced
278,PknB,LOF,Rv2396,2.3585,1.66e-19,Induced
279,PknB,LOF,Rv3849,2.3636,2.23e-14,Induced
280,PknB,LOF,Rv2792c,2.364,3e-20,Induced
281,PknB,LOF,Rv2384,2.3679,5.21e-06,Induced
282,PknB,LOF,Rv1187,2.3757,2.66e-11,Induced
283,PknB,LOF,Rv2886c,2.3772,1.26e-10,Induced
284,PknB,LOF,Rv1477,2.3808,3.5e-23,Induced
285,PknB,LOF,Rv3634c,2.3831,1.24e-20,Induced
286,PknB,LOF,Rv0630c,2.3895,2.87e-16,Induced
287,PknB,LOF,Rv3419c,2.391,2.93e-22,Induced
288,PknB,LOF,Rv2123,2.3918,3.85e-13,Induced
289,PknB,LOF,Rv3192,2.3918,4.19e-06,Induced
290,PknB,LOF,Rv0924c,2.3919,1.12e-08,Induced
291,PknB,LOF,Rv0364,2.3981,5.98e-17,Induced
292,PknB,LOF,Rv0978c,2.3993,6.39e-15,Induced
293,PknB,LOF,Rv1320c,2.4004,9.03e-21,Induced
294,PknB,LOF,Rv2947c,2.4039,3.17e-11,Induced
295,PknB,LOF,Rv3822,2.4056,1.54e-21,Induced
296,PknB,LOF,Rv1283c,2.4056,1.69e-10,Induced
297,PknB,LOF,Rv0631c,2.41,4.12e-15,Induced
298,PknB,LOF,Rv2426c,2.4124,3.4e-08,Induced
299,PknB,LOF,Rv2667,2.416,2.73e-05,Induced
300,PknB,LOF,Rv2397c,2.4195,1.84e-21,Induced
301,PknB,LOF,Rv1384,2.4204,5.7e-26,Induced
302,PknB,LOF,Rv1023,2.4239,6.36e-18,Induced
303,PknB,LOF,Rv0058,2.4261,3.64e-31,Induced
304,PknB,LOF,Rv2376c,2.4318,1.02e-21,Induced
305,PknB,LOF,Rv2381c,2.4331,2.25e-12,Induced
306,PknB,LOF,Rv2546,2.4351,0.002889317,Induced
307,PknB,LOF,Rv0168,2.4394,2.46e-22,Induced
308,PknB,LOF,Rv0155,2.443,3.33e-08,Induced
309,PknB,LOF,Rv1025,2.4432,1.95e-05,Induced
310,PknB,LOF,Rv0428c,2.4436,5.71e-06,Induced
311,PknB,LOF,Rv0133,2.4481,6.56e-19,Induced
312,PknB,LOF,Rv0216,2.4486,5.49e-08,Induced
313,PknB,LOF,Rv2974c,2.4558,2.26e-16,Induced
314,PknB,LOF,Rv0607,2.4594,5.59e-07,Induced
315,PknB,LOF,Rv2084,2.4608,5.24e-14,Induced
316,PknB,LOF,Rv1282c,2.4612,2.96e-08,Induced
317,PknB,LOF,Rv1078,2.463,7.23e-24,Induced
318,PknB,LOF,Rv3654c,2.4634,9.74e-08,Induced
319,PknB,LOF,Rv3595c,2.4669,7.48e-19,Induced
320,PknB,LOF,Rv1860,2.4679,6.28e-15,Induced
321,PknB,LOF,Rv1563c,2.4698,8.85e-11,Induced
322,PknB,LOF,Rv0117,2.4721,2.36e-09,Induced
323,PknB,LOF,Rv2098c,2.4733,3.14e-08,Induced
324,PknB,LOF,Rv2978c,2.4828,1.88e-26,Induced
325,PknB,LOF,Rv0362,2.4853,4.02e-13,Induced
326,PknB,LOF,Rv3511,2.4876,4.61e-13,Induced
327,PknB,LOF,Rv2529,2.4916,3.8e-09,Induced
328,PknB,LOF,Rv0264c,2.5101,5.99e-09,Induced
329,PknB,LOF,Rv2386c,2.5126,2.07e-07,Induced
330,PknB,LOF,Rv0732,2.5128,2.89e-27,Induced
331,PknB,LOF,Rv3714c,2.5209,1.04e-10,Induced
332,PknB,LOF,Rv2892c,2.5326,2.12e-18,Induced
333,PknB,LOF,Rv0221,2.5336,4.36e-15,Induced
334,PknB,LOF,Rv2101,2.5402,2.93e-28,Induced
335,PknB,LOF,Rv3713,2.5405,1.92e-10,Induced
336,PknB,LOF,Rv0171,2.5457,9.02e-30,Induced
337,PknB,LOF,Rv2789c,2.5485,1.07e-21,Induced
338,PknB,LOF,Rv2980,2.552,9.65e-14,Induced
339,PknB,LOF,Rv0979A,2.5577,7.97e-10,Induced
340,PknB,LOF,Rv3613c,2.5592,3.07e-16,Induced
341,PknB,LOF,Rv3778c,2.5601,3.08e-28,Induced
342,PknB,LOF,Rv3191c,2.5616,3.78e-15,Induced
343,PknB,LOF,Rv0086,2.5621,1.58e-16,Induced
344,PknB,LOF,Rv2834c,2.5632,9.22e-05,Induced
345,PknB,LOF,Rv0341,2.5647,7.8e-18,Induced
346,PknB,LOF,Rv3655c,2.5727,1.12e-07,Induced
347,PknB,LOF,Rv3027c,2.5758,4.61e-11,Induced
348,PknB,LOF,Rv3042c,2.5873,4.21e-24,Induced
349,PknB,LOF,Rv1278,2.5937,3.76e-26,Induced
350,PknB,LOF,Rv3146,2.6001,1.94e-17,Induced
351,PknB,LOF,Rv1214c,2.6006,0.000191087,Induced
352,PknB,LOF,Rv2985,2.6055,7.8e-15,Induced
353,PknB,LOF,Rv2681,2.6073,5.08e-21,Induced
354,PknB,LOF,Rv1537,2.612,3.07e-18,Induced
355,PknB,LOF,Rv1349,2.6124,2.15e-10,Induced
356,PknB,LOF,Rv1389,2.6157,1.21e-27,Induced
357,PknB,LOF,Rv3712,2.6161,3.31e-14,Induced
358,PknB,LOF,Rv1380,2.6193,2e-13,Induced
359,PknB,LOF,Rv2375,2.6247,9.36e-16,Induced
360,PknB,LOF,Rv3260c,2.6275,1.94e-24,Induced
361,PknB,LOF,Rv0172,2.6282,1.07e-26,Induced
362,PknB,LOF,Rv2736c,2.6292,4.28e-12,Induced
363,PknB,LOF,Rv2122c,2.6336,0.00057502,Induced
364,PknB,LOF,Rv0709,2.639,7.1e-12,Induced
365,PknB,LOF,Rv2835c,2.6402,3.4e-06,Induced
366,PknB,LOF,Rv3330,2.6449,5.45e-18,Induced
367,PknB,LOF,Rv0226c,2.6476,2.55e-12,Induced
368,PknB,LOF,Rv1068c,2.6521,1.9e-07,Induced
369,PknB,LOF,Rv0312,2.6557,3.46e-23,Induced
370,PknB,LOF,Rv2382c,2.6565,8.13e-10,Induced
371,PknB,LOF,Rv1659,2.6592,3.14e-22,Induced
372,PknB,LOF,Rv0157,2.6613,2.39e-23,Induced
373,PknB,LOF,Rv2047c,2.6626,3.77e-22,Induced
374,PknB,LOF,Rv3793,2.6693,8.66e-26,Induced
375,PknB,LOF,Rv2250c,2.6699,1.66e-08,Induced
376,PknB,LOF,Rv3315c,2.6739,6.97e-05,Induced
377,PknB,LOF,Rv0167,2.6809,4.45e-28,Induced
378,PknB,LOF,Rv3473c,2.7054,0.000818874,Induced
379,PknB,LOF,Rv0309,2.7064,2.32e-26,Induced
380,PknB,LOF,Rv3589,2.7098,8.15e-18,Induced
381,PknB,LOF,Rv3594,2.7134,1.28e-15,Induced
382,PknB,LOF,Rv1535,2.7184,4.56e-13,Induced
383,PknB,LOF,Rv1690,2.7186,3.43e-06,Induced
384,PknB,LOF,Rv0085,2.7372,4.75e-14,Induced
385,PknB,LOF,Rv2255c,2.7484,5.8e-19,Induced
386,PknB,LOF,Rv3851,2.7588,9.91e-07,Induced
387,PknB,LOF,Rv2072c,2.7749,7.59e-15,Induced
388,PknB,LOF,Rv3591c,2.7854,8.23e-06,Induced
389,PknB,LOF,Rv1573,2.8315,0.002944858,Induced
390,PknB,LOF,Rv3791,2.8357,5.76e-18,Induced
391,PknB,LOF,Rv2943,2.8466,5.64e-08,Induced
392,PknB,LOF,Rv1656,2.8569,2.96e-25,Induced
393,PknB,LOF,Rv3485c,2.8594,4.08e-16,Induced
394,PknB,LOF,Rv0173,2.8627,1.15e-26,Induced
395,PknB,LOF,Rv3577,2.8726,4.3e-10,Induced
396,PknB,LOF,Rv2071c,2.8728,7.54e-09,Induced
397,PknB,LOF,Rv3494c,2.8755,1.05e-23,Induced
398,PknB,LOF,Rv2979c,2.8835,3.23e-26,Induced
399,PknB,LOF,Rv2440c,2.8888,3.91e-32,Induced
400,PknB,LOF,Rv2739c,2.892,9.92e-12,Induced
401,PknB,LOF,Rv3449,2.9078,1.49e-12,Induced
402,PknB,LOF,Rv1613,2.9131,2.02e-18,Induced
403,PknB,LOF,Rv1658,2.9168,1.06e-32,Induced
404,PknB,LOF,Rv2273,2.9178,0.004178906,Induced
405,PknB,LOF,Rv1697,2.9351,6.46e-24,Induced
406,PknB,LOF,Rv3512,2.9392,9.76e-14,Induced
407,PknB,LOF,Rv3011c,2.9395,5.21e-25,Induced
408,PknB,LOF,Rv2416c,2.9433,2.86e-19,Induced
409,PknB,LOF,Rv2790c,2.9574,4.66e-27,Induced
410,PknB,LOF,Rv3471c,2.9749,0.001384261,Induced
411,PknB,LOF,Rv3743c,2.9754,3.74e-20,Induced
412,PknB,LOF,Rv2522c,2.978,9.79e-31,Induced
413,PknB,LOF,Rv3012c,2.9851,1.26e-07,Induced
414,PknB,LOF,Rv3612c,2.9891,4.12e-18,Induced
415,PknB,LOF,Rv2836c,3.001,6.88e-17,Induced
416,PknB,LOF,Rv3794,3.0057,4.09e-31,Induced
417,PknB,LOF,Rv2013,3.0173,1.71e-07,Induced
418,PknB,LOF,Rv1653,3.0253,1.72e-33,Induced
419,PknB,LOF,Rv3657c,3.03,1.13e-09,Induced
420,PknB,LOF,Rv1657,3.0308,1.47e-20,Induced
421,PknB,LOF,Rv1467c,3.0336,6.29e-29,Induced
422,PknB,LOF,Rv1388,3.0476,5.47e-38,Induced
423,PknB,LOF,Rv1251c,3.0666,2.82e-30,Induced
424,PknB,LOF,Rv0087,3.0677,5.36e-09,Induced
425,PknB,LOF,Rv1183,3.0758,7.39e-17,Induced
426,PknB,LOF,Rv2717c,3.0839,9.71e-14,Induced
427,PknB,LOF,Rv0642c,3.0866,1.35e-34,Induced
428,PknB,LOF,Rv1809,3.0933,6.84e-26,Induced
429,PknB,LOF,Rv2796c,3.1095,2.13e-09,Induced
430,PknB,LOF,Rv1654,3.1154,8.98e-37,Induced
431,PknB,LOF,Rv1382,3.1242,1.82e-15,Induced
432,PknB,LOF,Rv0980c,3.1243,3.48e-30,Induced
433,PknB,LOF,Rv0733,3.1289,5.41e-30,Induced
434,PknB,LOF,Rv0710,3.1457,6.59e-12,Induced
435,PknB,LOF,Rv2254c,3.1517,6.32e-22,Induced
436,PknB,LOF,Rv2231B,3.1771,0.007193779,Induced
437,PknB,LOF,Rv3706c,3.1896,1.43e-08,Induced
438,PknB,LOF,Rv1098c,3.2107,2.78e-29,Induced
439,PknB,LOF,Rv2791c,3.2225,6.25e-40,Induced
440,PknB,LOF,Rv1381,3.2488,2.64e-28,Induced
441,PknB,LOF,Rv2832c,3.2617,3.23e-12,Induced
442,PknB,LOF,Rv2719c,3.2782,2.58e-24,Induced
443,PknB,LOF,Rv0601c,3.2937,0.000411701,Induced
444,PknB,LOF,Rv0668,3.2987,4.38e-31,Induced
445,PknB,LOF,Rv2048c,3.3042,7.16e-40,Induced
446,PknB,LOF,Rv3150,3.3182,7.13e-30,Induced
447,PknB,LOF,Rv1714,3.3239,1.36e-09,Induced
448,PknB,LOF,Rv0106,3.3255,9.14e-29,Induced
449,PknB,LOF,Rv0129c,3.3282,3.99e-41,Induced
450,PknB,LOF,Rv1571,3.3447,8.1e-05,Induced
451,PknB,LOF,Rv3201c,3.3497,3e-31,Induced
452,PknB,LOF,Rv1383,3.3541,3.11e-27,Induced
453,PknB,LOF,Rv2946c,3.3656,5.52e-46,Induced
454,PknB,LOF,Rv1316c,3.3844,5.48e-26,Induced
455,PknB,LOF,Rv1655,3.4064,1.06e-37,Induced
456,PknB,LOF,Rv3640c,3.4444,1.62e-16,Induced
457,PknB,LOF,Rv2737c,3.4446,8.83e-59,Induced
458,PknB,LOF,Rv2591,3.4696,3.44e-23,Induced
459,PknB,LOF,Rv1698,3.4711,1.19e-23,Induced
460,PknB,LOF,Rv3585,3.4756,7.82e-39,Induced
461,PknB,LOF,Rv1277,3.5032,4e-43,Induced
462,PknB,LOF,Rv2383c,3.5034,7.81e-41,Induced
463,PknB,LOF,Rv1808,3.5202,1.68e-35,Induced
464,PknB,LOF,Rv1182,3.5385,1.05e-28,Induced
465,PknB,LOF,Rv3892c,3.5688,8.5e-20,Induced
466,PknB,LOF,Rv2594c,3.5797,9.91e-32,Induced
467,PknB,LOF,Rv3850,3.5945,1.99e-21,Induced
468,PknB,LOF,Rv3374,3.6138,0.004077958,Induced
469,PknB,LOF,Rv1612,3.6239,3.38e-32,Induced
470,PknB,LOF,Rv0184,3.6288,4.4e-32,Induced
471,PknB,LOF,Rv3394c,3.6472,1.73e-29,Induced
472,PknB,LOF,Rv2523c,3.6491,1.54e-26,Induced
473,PknB,LOF,Rv2891,3.6587,7.48e-14,Induced
474,PknB,LOF,Rv2593c,3.6709,1.25e-29,Induced
475,PknB,LOF,Rv0170,3.6731,4.65e-40,Induced
476,PknB,LOF,Rv1319c,3.6741,5.09e-31,Induced
477,PknB,LOF,Rv1806,3.6967,1.3e-14,Induced
478,PknB,LOF,Rv3202c,3.7249,1.11e-40,Induced
479,PknB,LOF,Rv3259,3.7404,9.32e-37,Induced
480,PknB,LOF,Rv0107c,3.8212,1.56e-54,Induced
481,PknB,LOF,Rv1566c,3.8446,2.84e-40,Induced
482,PknB,LOF,Rv1181,3.8635,1.52e-43,Induced
483,PknB,LOF,Rv2641,3.8646,2.59e-45,Induced
484,PknB,LOF,Rv3149,3.8964,2.96e-35,Induced
485,PknB,LOF,Rv2592c,3.9049,1.89e-39,Induced
486,PknB,LOF,Rv1807,3.9097,2.52e-11,Induced
487,PknB,LOF,Rv3823c,3.9119,1.26e-50,Induced
488,PknB,LOF,Rv1318c,3.9409,1.18e-39,Induced
489,PknB,LOF,Rv2253,3.9456,1.51e-15,Induced
490,PknB,LOF,Rv3825c,3.9514,5.33e-34,Induced
491,PknB,LOF,Rv0169,3.9539,2.55e-43,Induced
492,PknB,LOF,Rv1536,3.9765,7.61e-18,Induced
493,PknB,LOF,Rv0185,4.0119,8.66e-27,Induced
494,PknB,LOF,Rv1258c,4.0482,9.8e-33,Induced
495,PknB,LOF,Rv3148,4.0533,1.52e-44,Induced
496,PknB,LOF,Rv3517,4.0979,2.87e-26,Induced
497,PknB,LOF,Rv3904c,4.1153,1.75e-05,Induced
498,PknB,LOF,Rv0077c,4.1631,4.63e-32,Induced
499,PknB,LOF,Rv0602c,4.2013,1.89e-07,Induced
500,PknB,LOF,Rv1180,4.5,1.29e-63,Induced
501,PknB,LOF,Rv3395c,4.6142,3.96e-40,Induced
502,PknB,LOF,Rv0620,4.6917,1.81e-15,Induced
503,PknB,LOF,Rv1158c,4.8084,2.92e-35,Induced
504,PknB,LOF,Rv3824c,5.8759,6.3e-26,Induced
505,PknD,OE,Rv0975c,-3.5282,2.71e-10,Repressed
506,PknD,OE,Rv2086,-3.4742,3.27e-09,Repressed
507,PknD,OE,Rv2620c,-3.4476,2.56e-16,Repressed
508,PknD,OE,Rv2621c,-3.3925,5.78e-30,Repressed
509,PknD,OE,Rv0973c,-3.3403,2.04e-13,Repressed
510,PknD,OE,Rv2011c,-3.0367,2.34e-18,Repressed
511,PknD,OE,Rv2035,-3.0356,3.07e-21,Repressed
512,PknD,OE,Rv0940c,-2.974,4.34e-13,Repressed
513,PknD,OE,Rv0837c,-2.9679,1.53e-15,Repressed
514,PknD,OE,Rv2034,-2.8993,2.32e-16,Repressed
515,PknD,OE,Rv3223c,-2.8411,6.06e-16,Repressed
516,PknD,OE,Rv1048c,-2.7783,2.99e-12,Repressed
517,PknD,OE,Rv0866,-2.752,2.58e-07,Repressed
518,PknD,OE,Rv0976c,-2.734,2.38e-10,Repressed
519,PknD,OE,Rv3571,-2.7278,3.96e-14,Repressed
520,PknD,OE,Rv2012,-2.6612,1.76e-08,Repressed
521,PknD,OE,Rv1801,-2.616,3.35e-12,Repressed
522,PknD,OE,Rv3515c,-2.5891,4.49e-13,Repressed
523,PknD,OE,Rv0974c,-2.5003,6.8e-06,Repressed
524,PknD,OE,Rv0518,-2.4917,6.19e-05,Repressed
525,PknD,OE,Rv0754,-2.4763,9.41e-17,Repressed
526,PknD,OE,Rv2619c,-2.4647,5.2e-09,Repressed
527,PknD,OE,Rv1895,-2.4524,3.38e-14,Repressed
528,PknD,OE,Rv3626c,-2.4486,5.3e-14,Repressed
529,PknD,OE,Rv2642,-2.426,1.86e-07,Repressed
530,PknD,OE,Rv0972c,-2.4252,3.85e-08,Repressed
531,PknD,OE,Rv0792c,-2.4125,8.43e-16,Repressed
532,PknD,OE,Rv0302,-2.4009,9.33e-12,Repressed
533,PknD,OE,Rv0767c,-2.391,3.77e-12,Repressed
534,PknD,OE,Rv3530c,-2.3864,9.11e-08,Repressed
535,PknD,OE,Rv3531c,-2.3741,5.94e-14,Repressed
536,PknD,OE,Rv3406,-2.3461,1.24e-10,Repressed
537,PknD,OE,Rv2466c,-2.3442,1.65e-15,Repressed
538,PknD,OE,Rv1256c,-2.3364,9.94e-11,Repressed
539,PknD,OE,Rv0768,-2.2802,4.08e-09,Repressed
540,PknD,OE,Rv2618,-2.2625,2.66e-08,Repressed
541,PknD,OE,Rv0865,-2.258,7.11e-11,Repressed
542,PknD,OE,Rv3625c,-2.2245,1.19e-09,Repressed
543,PknD,OE,Rv0009,-2.2146,7.25e-10,Repressed
544,PknD,OE,Rv0343,-2.2053,3.29e-11,Repressed
545,PknD,OE,Rv3516,-2.2026,2.17e-06,Repressed
546,PknD,OE,Rv0793,-2.1793,0.001148221,Repressed
547,PknD,OE,Rv0753c,-2.1638,2.06e-17,Repressed
548,PknD,OE,Rv2617c,-2.1562,3.25e-08,Repressed
549,PknD,OE,Rv0875c,-2.1519,1.32e-09,Repressed
550,PknD,OE,Rv3082c,-2.1498,0.00929296,Repressed
551,PknD,OE,Rv2151c,-2.1243,7.73e-10,Repressed
552,PknD,OE,Rv3536c,-2.1242,9.7e-14,Repressed
553,PknD,OE,Rv2139,-2.1221,1.91e-07,Repressed
554,PknD,OE,Rv2848c,-2.1166,2.54e-07,Repressed
555,PknD,OE,Rv2659c,-2.0988,6.78e-09,Repressed
556,PknD,OE,Rv0941c,-2.095,3.96e-10,Repressed
557,PknD,OE,Rv1255c,-2.0646,3.8e-05,Repressed
558,PknD,OE,Rv2852c,-2.0554,3.59e-10,Repressed
559,PknD,OE,Rv0766c,-2.0549,1.4e-11,Repressed
560,PknD,OE,Rv2643,-2.0522,1.2e-07,Repressed
561,PknD,OE,Rv2662,-2.0443,4.65e-08,Repressed
562,PknD,OE,Rv1456c,-2.0188,0.005430654,Repressed
563,PknD,OE,Rv1379,-2.0129,0.001516894,Repressed
564,PknD,OE,Rv0950c,-2.0087,0.000801072,Repressed
565,PknD,OE,Rv2138,-2.0073,4.27e-10,Repressed
566,PknD,OE,Rv0687,-2.005,6.48e-05,Repressed
567,PknD,OE,Rv1772,2.0042,4.49e-10,Induced
568,PknD,OE,Rv2321c,2.012,4.3e-10,Induced
569,PknD,OE,Rv0081,2.0125,9.9e-11,Induced
570,PknD,OE,Rv3875,2.0252,6.55e-23,Induced
571,PknD,OE,Rv0709,2.0328,4.4e-07,Induced
572,PknD,OE,Rv3890c,2.0584,0.000119794,Induced
573,PknD,OE,Rv3613c,2.0676,1.65e-09,Induced
574,PknD,OE,Rv0704,2.073,8.22e-09,Induced
575,PknD,OE,Rv1733c,2.074,2.41e-21,Induced
576,PknD,OE,Rv0705,2.1565,2.41e-06,Induced
577,PknD,OE,Rv0467,2.2587,6.1e-17,Induced
578,PknD,OE,Rv0106,2.2934,4.19e-11,Induced
579,PknD,OE,Rv0668,2.294,1.08e-25,Induced
580,PknD,OE,Rv0252,2.459,2.34e-37,Induced
581,PknD,OE,Rv0706,2.4959,3.43e-12,Induced
582,PknD,OE,Rv3615c,2.5187,8.06e-26,Induced
583,PknD,OE,Rv0280,2.5668,1.71e-39,Induced
584,PknD,OE,Rv0707,2.6074,3.46e-08,Induced
585,PknD,OE,Rv0710,2.6347,3.9e-09,Induced
586,PknD,OE,Rv3614c,2.6417,8.55e-30,Induced
587,PknD,OE,Rv0694,2.8399,3.25e-16,Induced
588,PknD,OE,Rv0253,2.8648,2.84e-17,Induced
589,PknD,OE,Rv2590,2.8908,6.24e-31,Induced
590,PknD,LOF,Rv2988c,-2.6057,4.5e-11,Repressed
591,PknD,LOF,Rv3463,-2.4626,1.72e-05,Repressed
592,PknD,LOF,Rv0768,-2.3632,4.51e-06,Repressed
593,PknD,LOF,Rv0654,-2.1691,5.07e-09,Repressed
594,PknD,LOF,Rv2913c,-2.0037,3.92e-06,Repressed
595,PknD,LOF,Rv2987c,-2.0013,0.004017002,Repressed
596,PknD,LOF,Rv2934,2.0838,2.07e-10,Induced
597,PknD,LOF,Rv2933,2.0998,1.28e-12,Induced
598,PknE,OE,Rv0792c,-4.3779,8.96e-41,Repressed
599,PknE,OE,Rv0837c,-4.2914,4.63e-34,Repressed
600,PknE,OE,Rv0754,-4.1833,1.52e-39,Repressed
601,PknE,OE,Rv0232,-3.909,2.47e-39,Repressed
602,PknE,OE,Rv0791c,-3.8954,5.11e-48,Repressed
603,PknE,OE,Rv3289c,-3.891,4.82e-23,Repressed
604,PknE,OE,Rv1586c,-3.8559,8.05e-44,Repressed
605,PknE,OE,Rv2621c,-3.8062,1.46e-42,Repressed
606,PknE,OE,Rv3252c,-3.7721,7.97e-26,Repressed
607,PknE,OE,Rv3290c,-3.6683,3.01e-14,Repressed
608,PknE,OE,Rv0765c,-3.652,4.15e-34,Repressed
609,PknE,OE,Rv2011c,-3.4901,5.44e-36,Repressed
610,PknE,OE,Rv2913c,-3.4378,9.1e-28,Repressed
611,PknE,OE,Rv0767c,-3.3808,3.43e-34,Repressed
612,PknE,OE,Rv3536c,-3.3416,3.17e-31,Repressed
613,PknE,OE,Rv1587c,-3.3365,8.1e-40,Repressed
614,PknE,OE,Rv2620c,-3.329,1.67e-28,Repressed
615,PknE,OE,Rv0768,-3.2978,3.33e-28,Repressed
616,PknE,OE,Rv0766c,-3.2851,1.02e-40,Repressed
617,PknE,OE,Rv0233,-3.2025,5.25e-30,Repressed
618,PknE,OE,Rv0678,-3.1959,1.95e-17,Repressed
619,PknE,OE,Rv1405c,-3.1545,6.5e-24,Repressed
620,PknE,OE,Rv0679c,-3.1378,8.69e-25,Repressed
621,PknE,OE,Rv1169c,-3.1229,1.5e-22,Repressed
622,PknE,OE,Rv0064,-3.1165,2.76e-19,Repressed
623,PknE,OE,Rv0654,-3.0812,6.85e-28,Repressed
624,PknE,OE,Rv0753c,-2.9722,3.97e-31,Repressed
625,PknE,OE,Rv3608c,-2.8598,1.39e-22,Repressed
626,PknE,OE,Rv0676c,-2.8455,1.02e-20,Repressed
627,PknE,OE,Rv3535c,-2.8374,9.14e-28,Repressed
628,PknE,OE,Rv1219c,-2.7991,3.73e-24,Repressed
629,PknE,OE,Rv2025c,-2.7902,1.12e-24,Repressed
630,PknE,OE,Rv2052c,-2.7764,3.87e-26,Repressed
631,PknE,OE,Rv0790c,-2.7762,3.74e-28,Repressed
632,PknE,OE,Rv0982,-2.7715,1.59e-18,Repressed
633,PknE,OE,Rv2035,-2.7541,2.88e-23,Repressed
634,PknE,OE,Rv0975c,-2.7527,1.4e-12,Repressed
635,PknE,OE,Rv0764c,-2.7374,6.82e-28,Repressed
636,PknE,OE,Rv2466c,-2.7297,1.87e-19,Repressed
637,PknE,OE,Rv0834c,-2.7226,2.88e-14,Repressed
638,PknE,OE,Rv2501c,-2.7082,1.18e-23,Repressed
639,PknE,OE,Rv0973c,-2.6777,2.13e-18,Repressed
640,PknE,OE,Rv0064A,-2.6471,2.39e-13,Repressed
641,PknE,OE,Rv3251c,-2.6409,3.57e-14,Repressed
642,PknE,OE,Rv0575c,-2.6344,2.96e-26,Repressed
643,PknE,OE,Rv1585c,-2.6341,1.69e-28,Repressed
644,PknE,OE,Rv0677c,-2.567,5.31e-13,Repressed
645,PknE,OE,Rv1218c,-2.5611,1.86e-26,Repressed
646,PknE,OE,Rv2662,-2.5457,2.47e-16,Repressed
647,PknE,OE,Rv0976c,-2.5223,8.85e-15,Repressed
648,PknE,OE,Rv3855,-2.5222,5.48e-23,Repressed
649,PknE,OE,Rv1578c,-2.5052,1.36e-18,Repressed
650,PknE,OE,Rv0384c,-2.4629,2.83e-18,Repressed
651,PknE,OE,Rv0670,-2.4259,1.76e-18,Repressed
652,PknE,OE,Rv0983,-2.4163,2.92e-16,Repressed
653,PknE,OE,Rv3530c,-2.3986,1.36e-15,Repressed
654,PknE,OE,Rv1954c,-2.3892,4.78e-12,Repressed
655,PknE,OE,Rv2012,-2.3813,1.11e-14,Repressed
656,PknE,OE,Rv3606c,-2.3742,3.42e-18,Repressed
657,PknE,OE,Rv1285,-2.3488,1.77e-18,Repressed
658,PknE,OE,Rv3609c,-2.3291,1.01e-18,Repressed
659,PknE,OE,Rv0411c,-2.3202,3.11e-18,Repressed
660,PknE,OE,Rv2661c,-2.2839,8.41e-15,Repressed
661,PknE,OE,Rv0762c,-2.2838,7.01e-14,Repressed
662,PknE,OE,Rv1895,-2.2833,8.25e-22,Repressed
663,PknE,OE,Rv0251c,-2.2794,7.55e-14,Repressed
664,PknE,OE,Rv3605c,-2.2534,2.76e-12,Repressed
665,PknE,OE,Rv0275c,-2.241,3.35e-16,Repressed
666,PknE,OE,Rv3167c,-2.2319,1.58e-08,Repressed
667,PknE,OE,Rv3571,-2.2273,1.91e-18,Repressed
668,PknE,OE,Rv2086,-2.2251,2.57e-13,Repressed
669,PknE,OE,Rv0836c,-2.2133,2.56e-11,Repressed
670,PknE,OE,Rv1256c,-2.2101,1.68e-17,Repressed
671,PknE,OE,Rv3534c,-2.2099,3.93e-18,Repressed
672,PknE,OE,Rv2622,-2.2065,1.95e-13,Repressed
673,PknE,OE,Rv3531c,-2.2029,1.09e-17,Repressed
674,PknE,OE,Rv0991c,-2.195,2.41e-17,Repressed
675,PknE,OE,Rv1996,-2.1852,1.4e-05,Repressed
676,PknE,OE,Rv1801,-2.1698,8e-13,Repressed
677,PknE,OE,Rv2743c,-2.1563,8.39e-14,Repressed
678,PknE,OE,Rv0140,-2.1435,1.24e-17,Repressed
679,PknE,OE,Rv3854c,-2.1415,5e-17,Repressed
680,PknE,OE,Rv3607c,-2.1393,9.72e-15,Repressed
681,PknE,OE,Rv2036,-2.1349,7.89e-15,Repressed
682,PknE,OE,Rv1168c,-2.1301,1.16e-18,Repressed
683,PknE,OE,Rv3370c,-2.1096,3.26e-18,Repressed
684,PknE,OE,Rv3837c,-2.1065,9.06e-21,Repressed
685,PknE,OE,Rv3467,-2.0996,4.66e-13,Repressed
686,PknE,OE,Rv0094c,-2.0961,4.79e-13,Repressed
687,PknE,OE,Rv1621c,-2.088,5.4e-14,Repressed
688,PknE,OE,Rv2744c,-2.0514,7.41e-10,Repressed
689,PknE,OE,Rv2630,-2.0478,3.61e-08,Repressed
690,PknE,OE,Rv1605,-2.0452,6.79e-13,Repressed
691,PknE,OE,Rv0875c,-2.0324,3.33e-10,Repressed
692,PknE,OE,Rv3250c,-2.0317,7.23e-14,Repressed
693,PknE,OE,Rv0412c,-2.0022,2.11e-19,Repressed
694,PknE,OE,Rv2346c,2.0007,2.26e-09,Induced
695,PknE,OE,Rv1903,2.0028,0.004746128,Induced
696,PknE,OE,Rv0635,2.0037,9.87e-11,Induced
697,PknE,OE,Rv0237,2.0041,4.62e-05,Induced
698,PknE,OE,Rv0003,2.0048,1.2e-06,Induced
699,PknE,OE,Rv3804c,2.0094,9.35e-11,Induced
700,PknE,OE,Rv0718,2.0195,1.22e-07,Induced
701,PknE,OE,Rv0263c,2.0196,2.88e-06,Induced
702,PknE,OE,Rv3031,2.0252,4.71e-05,Induced
703,PknE,OE,Rv2588c,2.026,3.66e-07,Induced
704,PknE,OE,Rv0704,2.028,3.1e-09,Induced
705,PknE,OE,Rv0734,2.0319,2.22e-07,Induced
706,PknE,OE,Rv2641,2.0345,1.26e-08,Induced
707,PknE,OE,Rv0117,2.0399,6.07e-05,Induced
708,PknE,OE,Rv1195,2.0574,5.13e-07,Induced
709,PknE,OE,Rv2257c,2.0607,8.69e-05,Induced
710,PknE,OE,Rv0145,2.0649,1.5e-08,Induced
711,PknE,OE,Rv1794,2.0657,1.3e-10,Induced
712,PknE,OE,Rv1701,2.0659,2.28e-05,Induced
713,PknE,OE,Rv3874,2.0727,2.63e-08,Induced
714,PknE,OE,Rv3224,2.0778,1.77e-08,Induced
715,PknE,OE,Rv3033,2.0827,0.001126675,Induced
716,PknE,OE,Rv2267c,2.0857,0.004055321,Induced
717,PknE,OE,Rv0112,2.0866,6.74e-06,Induced
718,PknE,OE,Rv0149,2.0876,1.77e-09,Induced
719,PknE,OE,Rv0468,2.0877,2.37e-07,Induced
720,PknE,OE,Rv0685,2.0921,1.6e-12,Induced
721,PknE,OE,Rv3196A,2.1077,0.00126659,Induced
722,PknE,OE,Rv0979A,2.1084,2.87e-05,Induced
723,PknE,OE,Rv3043c,2.1096,3.36e-12,Induced
724,PknE,OE,Rv1474c,2.1128,1.3e-05,Induced
725,PknE,OE,Rv3281,2.1142,1.39e-08,Induced
726,PknE,OE,Rv0647c,2.1172,4.14e-10,Induced
727,PknE,OE,Rv2441c,2.1189,4.34e-10,Induced
728,PknE,OE,Rv1158c,2.123,0.002216094,Induced
729,PknE,OE,Rv3030,2.1285,8.93e-05,Induced
730,PknE,OE,Rv3197A,2.1292,2.03e-08,Induced
731,PknE,OE,Rv2908c,2.1324,3.29e-07,Induced
732,PknE,OE,Rv3156,2.1353,1.34e-08,Induced
733,PknE,OE,Rv1680,2.1367,0.000171659,Induced
734,PknE,OE,Rv2932,2.1418,1.01e-09,Induced
735,PknE,OE,Rv3042c,2.1451,6.92e-11,Induced
736,PknE,OE,Rv1513,2.1487,2.62e-06,Induced
737,PknE,OE,Rv0310c,2.1507,2.95e-05,Induced
738,PknE,OE,Rv2394,2.152,6.85e-12,Induced
739,PknE,OE,Rv1009,2.1559,2.99e-11,Induced
740,PknE,OE,Rv1319c,2.1598,5.99e-08,Induced
741,PknE,OE,Rv1700,2.1698,3.84e-07,Induced
742,PknE,OE,Rv2816c,2.1841,0.000365668,Induced
743,PknE,OE,Rv3616c,2.1949,6.61e-10,Induced
744,PknE,OE,Rv3000,2.1955,0.000530433,Induced
745,PknE,OE,Rv1282c,2.196,1.04e-05,Induced
746,PknE,OE,Rv3191c,2.205,6.77e-08,Induced
747,PknE,OE,Rv2331,2.2095,0.000233803,Induced
748,PknE,OE,Rv0227c,2.2114,2.77e-05,Induced
749,PknE,OE,Rv0997,2.2125,6.16e-07,Induced
750,PknE,OE,Rv3362c,2.214,2.49e-05,Induced
751,PknE,OE,Rv2590,2.2178,7.26e-10,Induced
752,PknE,OE,Rv1440,2.2261,6.48e-06,Induced
753,PknE,OE,Rv0380c,2.2287,2.95e-06,Induced
754,PknE,OE,Rv2199c,2.2388,6.47e-10,Induced
755,PknE,OE,Rv0925c,2.239,0.000968593,Induced
756,PknE,OE,Rv0166,2.2404,4.78e-11,Induced
757,PknE,OE,Rv3149,2.2461,7.07e-07,Induced
758,PknE,OE,Rv2959c,2.2477,9.27e-06,Induced
759,PknE,OE,Rv3190A,2.2477,6.76e-05,Induced
760,PknE,OE,Rv2329c,2.2517,3.11e-10,Induced
761,PknE,OE,Rv2190c,2.253,4.21e-11,Induced
762,PknE,OE,Rv1883c,2.2573,3.87e-13,Induced
763,PknE,OE,Rv3670,2.2609,6.76e-06,Induced
764,PknE,OE,Rv3312A,2.2675,2.04e-08,Induced
765,PknE,OE,Rv0341,2.2676,2.4e-10,Induced
766,PknE,OE,Rv0168,2.2718,5.77e-11,Induced
767,PknE,OE,Rv2276,2.2768,0.000409418,Induced
768,PknE,OE,Rv2054,2.2769,1.7e-06,Induced
769,PknE,OE,Rv2258c,2.2787,4.1e-08,Induced
770,PknE,OE,Rv0309,2.2816,5.63e-12,Induced
771,PknE,OE,Rv1316c,2.2862,4.12e-07,Induced
772,PknE,OE,Rv3634c,2.2863,1.93e-12,Induced
773,PknE,OE,Rv3825c,2.2871,1.81e-08,Induced
774,PknE,OE,Rv1388,2.2889,1.09e-10,Induced
775,PknE,OE,Rv0264c,2.2899,1.52e-05,Induced
776,PknE,OE,Rv0156,2.2919,0.000411654,Induced
777,PknE,OE,Rv3734c,2.2973,9e-12,Induced
778,PknE,OE,Rv0362,2.3166,2.09e-08,Induced
779,PknE,OE,Rv3157,2.319,8.78e-10,Induced
780,PknE,OE,Rv3822,2.3205,1.07e-10,Induced
781,PknE,OE,Rv1860,2.3213,4.02e-07,Induced
782,PknE,OE,Rv3620c,2.3243,6.47e-10,Induced
783,PknE,OE,Rv1038c,2.3291,4.96e-10,Induced
784,PknE,OE,Rv1058,2.3369,2.15e-06,Induced
785,PknE,OE,Rv3767c,2.341,5.69e-09,Induced
786,PknE,OE,Rv0174,2.3429,1.52e-16,Induced
787,PknE,OE,Rv0733,2.3444,1.48e-10,Induced
788,PknE,OE,Rv1792,2.3509,9.49e-11,Induced
789,PknE,OE,Rv1078,2.3577,5.89e-10,Induced
790,PknE,OE,Rv3633,2.3584,1.32e-12,Induced
791,PknE,OE,Rv1638A,2.3791,2.82e-08,Induced
792,PknE,OE,Rv0467,2.3922,8.33e-09,Induced
793,PknE,OE,Rv0073,2.3987,3.32e-12,Induced
794,PknE,OE,Rv1197,2.4179,2.24e-11,Induced
795,PknE,OE,Rv0854,2.4249,4.13e-05,Induced
796,PknE,OE,Rv0144,2.4345,1.16e-11,Induced
797,PknE,OE,Rv1368,2.4439,4.36e-10,Induced
798,PknE,OE,Rv2347c,2.4463,2.01e-11,Induced
799,PknE,OE,Rv0706,2.447,2.07e-06,Induced
800,PknE,OE,Rv3846,2.4554,2.06e-12,Induced
801,PknE,OE,Rv3479,2.4568,2.08e-15,Induced
802,PknE,OE,Rv3153,2.4617,1.12e-09,Induced
803,PknE,OE,Rv1919c,2.4627,5.47e-08,Induced
804,PknE,OE,Rv2820c,2.467,0.000471127,Induced
805,PknE,OE,Rv3849,2.4688,9.61e-11,Induced
806,PknE,OE,Rv1386,2.4732,1.35e-12,Induced
807,PknE,OE,Rv2416c,2.4745,1.79e-09,Induced
808,PknE,OE,Rv3764c,2.4781,2.43e-15,Induced
809,PknE,OE,Rv1571,2.4835,0.005856687,Induced
810,PknE,OE,Rv3766,2.485,2.48e-07,Induced
811,PknE,OE,Rv2986c,2.4944,7.31e-13,Induced
812,PknE,OE,Rv1438,2.4976,2.6e-10,Induced
813,PknE,OE,Rv0157,2.4993,2.53e-13,Induced
814,PknE,OE,Rv1690,2.5006,0.00017904,Induced
815,PknE,OE,Rv2288,2.501,6.92e-07,Induced
816,PknE,OE,Rv3152,2.5011,1.18e-10,Induced
817,PknE,OE,Rv2440c,2.5203,1.31e-13,Induced
818,PknE,OE,Rv2954c,2.5213,3e-13,Induced
819,PknE,OE,Rv0155,2.5216,6.13e-07,Induced
820,PknE,OE,Rv2950c,2.523,8.41e-15,Induced
821,PknE,OE,Rv2822c,2.5267,0.001716763,Induced
822,PknE,OE,Rv3733c,2.5489,1.74e-10,Induced
823,PknE,OE,Rv1613,2.5603,3.02e-07,Induced
824,PknE,OE,Rv3862c,2.565,1.41e-10,Induced
825,PknE,OE,Rv0221,2.5654,5.49e-11,Induced
826,PknE,OE,Rv2563,2.57,1.16e-08,Induced
827,PknE,OE,Rv3875,2.5745,6.43e-12,Induced
828,PknE,OE,Rv3148,2.5784,1.15e-11,Induced
829,PknE,OE,Rv0691A,2.5947,3.5e-07,Induced
830,PknE,OE,Rv3486,2.6051,2.36e-08,Induced
831,PknE,OE,Rv0107c,2.6231,3.65e-16,Induced
832,PknE,OE,Rv2953,2.6305,7.6e-11,Induced
833,PknE,OE,Rv0167,2.6439,1.8e-14,Induced
834,PknE,OE,Rv1361c,2.6447,5.58e-17,Induced
835,PknE,OE,Rv0692,2.6459,7.85e-10,Induced
836,PknE,OE,Rv0171,2.6648,3.04e-16,Induced
837,PknE,OE,Rv3150,2.6652,1.27e-10,Induced
838,PknE,OE,Rv1196,2.678,8.36e-17,Induced
839,PknE,OE,Rv0002,2.7008,1.04e-14,Induced
840,PknE,OE,Rv1810,2.7308,1.27e-10,Induced
841,PknE,OE,Rv1098c,2.736,1.37e-12,Induced
842,PknE,OE,Rv2425c,2.7369,5.47e-09,Induced
843,PknE,OE,Rv3892c,2.7435,7.65e-09,Induced
844,PknE,OE,Rv0705,2.7492,3.01e-09,Induced
845,PknE,OE,Rv2952,2.7528,6.36e-08,Induced
846,PknE,OE,Rv0694,2.7545,4.08e-14,Induced
847,PknE,OE,Rv0696,2.7657,5.66e-15,Induced
848,PknE,OE,Rv1886c,2.78,1.22e-16,Induced
849,PknE,OE,Rv0708,2.7816,4.87e-09,Induced
850,PknE,OE,Rv2055c,2.7835,1.83e-07,Induced
851,PknE,OE,Rv0222,2.7848,8.41e-10,Induced
852,PknE,OE,Rv0566c,2.7885,2.49e-05,Induced
853,PknE,OE,Rv3763,2.8132,2.94e-16,Induced
854,PknE,OE,Rv2821c,2.816,5.6e-06,Induced
855,PknE,OE,Rv1884c,2.8196,3.32e-16,Induced
856,PknE,OE,Rv2948c,2.8205,9.86e-17,Induced
857,PknE,OE,Rv0637,2.8226,2.31e-16,Induced
858,PknE,OE,Rv0693,2.8342,1.03e-13,Induced
859,PknE,OE,Rv3143,2.8411,1.06e-10,Induced
860,PknE,OE,Rv3861,2.8434,1.49e-12,Induced
861,PknE,OE,Rv1184c,2.845,2.06e-11,Induced
862,PknE,OE,Rv2376c,2.8539,2.04e-18,Induced
863,PknE,OE,Rv3241c,2.8645,1.18e-13,Induced
864,PknE,OE,Rv3478,2.8675,1.08e-19,Induced
865,PknE,OE,Rv2426c,2.8718,8.33e-09,Induced
866,PknE,OE,Rv1437,2.8752,1.27e-14,Induced
867,PknE,OE,Rv1612,2.878,1.76e-10,Induced
868,PknE,OE,Rv0379,2.8881,6.43e-07,Induced
869,PknE,OE,Rv1885c,2.897,7.03e-14,Induced
870,PknE,OE,Rv1553,2.902,0.003011705,Induced
871,PknE,OE,Rv2289,2.9079,4.95e-14,Induced
872,PknE,OE,Rv1805c,2.9167,5.98e-09,Induced
873,PknE,OE,Rv1185c,2.94,3.11e-15,Induced
874,PknE,OE,Rv1808,2.9456,1.98e-13,Induced
875,PknE,OE,Rv0707,2.9615,1.49e-08,Induced
876,PknE,OE,Rv1536,2.9818,3.35e-10,Induced
877,PknE,OE,Rv2949c,3.0153,7.57e-15,Induced
878,PknE,OE,Rv1144,3.0197,3.53e-12,Induced
879,PknE,OE,Rv2375,3.0507,9.24e-15,Induced
880,PknE,OE,Rv3487c,3.0606,3.98e-09,Induced
881,PknE,OE,Rv2951c,3.0885,3.8e-13,Induced
882,PknE,OE,Rv1535,3.1175,4.95e-12,Induced
883,PknE,OE,Rv2564,3.1316,2.92e-10,Induced
884,PknE,OE,Rv0934,3.1991,7.71e-16,Induced
885,PknE,OE,Rv0709,3.2017,1.06e-10,Induced
886,PknE,OE,Rv2428,3.2064,1.95e-11,Induced
887,PknE,OE,Rv0172,3.2071,1.59e-22,Induced
888,PknE,OE,Rv0173,3.2306,2.58e-20,Induced
889,PknE,OE,Rv3615c,3.2542,2.05e-18,Induced
890,PknE,OE,Rv0170,3.3022,3.68e-20,Induced
891,PknE,OE,Rv3823c,3.3173,8.46e-16,Induced
892,PknE,OE,Rv1180,3.3255,3.97e-15,Induced
893,PknE,OE,Rv3850,3.3417,1.13e-12,Induced
894,PknE,OE,Rv0710,3.4576,1.14e-08,Induced
895,PknE,OE,Rv3686c,3.4649,3.3e-19,Induced
896,PknE,OE,Rv3891c,3.4801,3.53e-14,Induced
897,PknE,OE,Rv2985,3.4895,2.19e-16,Induced
898,PknE,OE,Rv1807,3.5263,5.3e-08,Induced
899,PknE,OE,Rv2057c,3.5318,7.4e-09,Induced
900,PknE,OE,Rv1181,3.5861,3.31e-17,Induced
901,PknE,OE,Rv3612c,3.5918,4.7e-18,Induced
902,PknE,OE,Rv1809,3.7024,7.92e-19,Induced
903,PknE,OE,Rv2450c,3.7372,1.45e-12,Induced
904,PknE,OE,Rv1806,3.7413,1.37e-08,Induced
905,PknE,OE,Rv0169,3.7585,6.86e-26,Induced
906,PknE,OE,Rv2056c,3.8112,5.55e-11,Induced
907,PknE,OE,Rv0516c,3.8118,2.56e-14,Induced
908,PknE,OE,Rv3890c,3.8737,6.06e-15,Induced
909,PknE,OE,Rv3614c,3.887,3.64e-20,Induced
910,PknE,OE,Rv3706c,3.8961,1.05e-09,Induced
911,PknE,OE,Rv3613c,4.0469,1.12e-21,Induced
912,PknE,OE,Rv2058c,4.0746,1.32e-10,Induced
913,PknE,OE,Rv3477,4.1444,3.99e-27,Induced
914,PknE,OE,Rv1183,4.4383,9.45e-16,Induced
915,PknE,OE,Rv1182,5.1208,1.59e-27,Induced
916,PknE,OE,Rv3824c,5.2252,6.08e-12,Induced
917,PknE,OE,Rv0106,5.2601,2.33e-28,Induced
918,PknE,OE,Rv0022c,5.3773,7e-12,Induced
919,PknE,LOF,Rv2466c,-4.5304,4.47e-35,Repressed
920,PknE,LOF,Rv0768,-3.9738,1.7e-34,Repressed
921,PknE,LOF,Rv3054c,-3.9599,1.96e-09,Repressed
922,PknE,LOF,Rv0837c,-3.861,1.82e-28,Repressed
923,PknE,LOF,Rv0792c,-3.8192,1.23e-34,Repressed
924,PknE,LOF,Rv0654,-3.7521,1.12e-26,Repressed
925,PknE,LOF,Rv2621c,-3.6211,2.18e-33,Repressed
926,PknE,LOF,Rv1218c,-3.5913,1.16e-24,Repressed
927,PknE,LOF,Rv2620c,-3.5382,5.12e-22,Repressed
928,PknE,LOF,Rv0753c,-3.5344,2.05e-32,Repressed
929,PknE,LOF,Rv3463,-3.5137,3.26e-11,Repressed
930,PknE,LOF,Rv2035,-3.3947,1.63e-23,Repressed
931,PknE,LOF,Rv1130,-3.3399,6.45e-09,Repressed
932,PknE,LOF,Rv2034,-3.3322,1.7e-24,Repressed
933,PknE,LOF,Rv3252c,-3.2895,2.1e-13,Repressed
934,PknE,LOF,Rv2661c,-3.2405,8.76e-25,Repressed
935,PknE,LOF,Rv2660c,-3.2086,1.99e-29,Repressed
936,PknE,LOF,Rv2662,-3.1686,6.17e-15,Repressed
937,PknE,LOF,Rv0384c,-3.1139,2.72e-22,Repressed
938,PknE,LOF,Rv2011c,-3.0722,1.85e-20,Repressed
939,PknE,LOF,Rv2913c,-2.9754,2.36e-24,Repressed
940,PknE,LOF,Rv0975c,-2.9543,1.42e-07,Repressed
941,PknE,LOF,Rv1131,-2.9393,9.65e-07,Repressed
942,PknE,LOF,Rv2052c,-2.9013,2.65e-17,Repressed
943,PknE,LOF,Rv0767c,-2.8666,1.99e-17,Repressed
944,PknE,LOF,Rv1048c,-2.8611,4.01e-16,Repressed
945,PknE,LOF,Rv3571,-2.8461,7.51e-18,Repressed
946,PknE,LOF,Rv3516,-2.8153,4.62e-10,Repressed
947,PknE,LOF,Rv1801,-2.8107,6.2e-14,Repressed
948,PknE,LOF,Rv1875,-2.778,3.06e-16,Repressed
949,PknE,LOF,Rv0791c,-2.769,7.79e-18,Repressed
950,PknE,LOF,Rv0094c,-2.7598,5.08e-11,Repressed
951,PknE,LOF,Rv3467,-2.7598,5.11e-11,Repressed
952,PknE,LOF,Rv1471,-2.755,2.37e-16,Repressed
953,PknE,LOF,Rv3251c,-2.7267,1e-12,Repressed
954,PknE,LOF,Rv0140,-2.7147,3.49e-20,Repressed
955,PknE,LOF,Rv3526,-2.7066,1.27e-23,Repressed
956,PknE,LOF,Rv2743c,-2.7062,1.78e-16,Repressed
957,PknE,LOF,Rv1219c,-2.6269,3.87e-08,Repressed
958,PknE,LOF,Rv0976c,-2.6067,6.19e-08,Repressed
959,PknE,LOF,Rv0793,-2.5915,7.37e-06,Repressed
960,PknE,LOF,Rv0766c,-2.5737,2.47e-19,Repressed
961,PknE,LOF,Rv0973c,-2.5308,1.74e-07,Repressed
962,PknE,LOF,Rv2036,-2.5215,3.89e-14,Repressed
963,PknE,LOF,Rv3223c,-2.5201,2.86e-17,Repressed
964,PknE,LOF,Rv1586c,-2.5163,7.78e-16,Repressed
965,PknE,LOF,Rv3530c,-2.4754,1.38e-10,Repressed
966,PknE,LOF,Rv1587c,-2.4421,1.35e-16,Repressed
967,PknE,LOF,Rv3570c,-2.409,6.86e-19,Repressed
968,PknE,LOF,Rv0940c,-2.4049,2.15e-13,Repressed
969,PknE,LOF,Rv1168c,-2.3999,5.52e-16,Repressed
970,PknE,LOF,Rv3094c,-2.3949,1.54e-09,Repressed
971,PknE,LOF,Rv2744c,-2.3936,2.32e-15,Repressed
972,PknE,LOF,Rv2012,-2.3885,1.01e-09,Repressed
973,PknE,LOF,Rv3167c,-2.3874,3.24e-06,Repressed
974,PknE,LOF,Rv0972c,-2.3848,4.15e-10,Repressed
975,PknE,LOF,Rv2745c,-2.3796,8.9e-17,Repressed
976,PknE,LOF,Rv0687,-2.3747,4.7e-15,Repressed
977,PknE,LOF,Rv0302,-2.3578,3.06e-12,Repressed
978,PknE,LOF,Rv2642,-2.3491,6.2e-09,Repressed
979,PknE,LOF,Rv2619c,-2.3457,2.86e-10,Repressed
980,PknE,LOF,Rv1895,-2.3357,1.02e-14,Repressed
981,PknE,LOF,Rv3531c,-2.319,2.52e-14,Repressed
982,PknE,LOF,Rv0754,-2.3147,5.12e-14,Repressed
983,PknE,LOF,Rv3334,-2.3043,4.04e-12,Repressed
984,PknE,LOF,Rv0232,-2.2967,8.29e-16,Repressed
985,PknE,LOF,Rv1395,-2.2753,2.13e-10,Repressed
986,PknE,LOF,Rv1221,-2.2699,3.55e-13,Repressed
987,PknE,LOF,Rv0331,-2.2569,1.94e-08,Repressed
988,PknE,LOF,Rv0303,-2.248,9.94e-10,Repressed
989,PknE,LOF,Rv1578c,-2.2415,9.06e-11,Repressed
990,PknE,LOF,Rv2025c,-2.2095,1.39e-12,Repressed
991,PknE,LOF,Rv3406,-2.1949,3.39e-11,Repressed
992,PknE,LOF,Rv1674c,-2.1864,0.004380813,Repressed
993,PknE,LOF,Rv0974c,-2.1827,2.91e-07,Repressed
994,PknE,LOF,Rv1169c,-2.1735,9.41e-11,Repressed
995,PknE,LOF,Rv2617c,-2.168,5.94e-10,Repressed
996,PknE,LOF,Rv0921,-2.1619,4.52e-08,Repressed
997,PknE,LOF,Rv2399c,-2.1444,3.93e-12,Repressed
998,PknE,LOF,Rv2465c,-2.1216,1.43e-07,Repressed
999,PknE,LOF,Rv1804c,-2.1053,2.86e-05,Repressed
1000,PknE,LOF,Rv1256c,-2.0908,1.79e-11,Repressed
1001,PknE,LOF,Rv0847,-2.0907,8.39e-12,Repressed
1002,PknE,LOF,Rv3161c,-2.0884,1.59e-16,Repressed
1003,PknE,LOF,Rv2618,-2.0875,1.11e-08,Repressed
1004,PknE,LOF,Rv2517c,-2.0785,4.94e-11,Repressed
1005,PknE,LOF,Rv3855,-2.0746,2.9e-11,Repressed
1006,PknE,LOF,Rv0329c,-2.067,7.02e-06,Repressed
1007,PknE,LOF,Rv2504c,-2.061,1.72e-11,Repressed
1008,PknE,LOF,Rv2016,-2.0555,1.5e-05,Repressed
1009,PknE,LOF,Rv2010,-2.0549,2.24e-10,Repressed
1010,PknE,LOF,Rv1774,-2.0141,4.91e-07,Repressed
1011,PknE,LOF,Rv3418c,-2.0066,6.99e-11,Repressed
1012,PknE,LOF,Rv1733c,2.0237,1.02e-22,Induced
1013,PknE,LOF,Rv3128c,2.1377,5.97e-23,Induced
1014,PknE,LOF,Rv1739c,2.1669,1.33e-17,Induced
1015,PknE,LOF,Rv3616c,2.3254,9.59e-18,Induced
1016,PknE,LOF,Rv3371,2.3281,5.9e-25,Induced
1017,PknE,LOF,Rv0805,2.3396,4.32e-24,Induced
1018,PknE,LOF,Rv0806c,2.3497,3.37e-18,Induced
1019,PknE,LOF,Rv1999c,2.4249,1.04e-13,Induced
1020,PknE,LOF,Rv3611,2.4625,1.59e-15,Induced
1021,PknE,LOF,Rv3686c,2.5243,1.15e-13,Induced
1022,PknE,LOF,Rv0569,2.6501,3.4e-36,Induced
1023,PknE,LOF,Rv2329c,2.655,1.72e-24,Induced
1024,PknE,LOF,Rv1791,2.6696,1.28e-11,Induced
1025,PknE,LOF,Rv1542c,2.818,4.62e-15,Induced
1026,PknE,LOF,Rv0570,2.8492,7.33e-46,Induced
1027,PknE,LOF,Rv0572c,2.9299,9.25e-21,Induced
1028,PknE,LOF,Rv1998c,2.9469,6.72e-15,Induced
1029,PknE,LOF,Rv3615c,3.0064,5.46e-13,Induced
1030,PknE,LOF,Rv1195,3.1074,2.92e-20,Induced
1031,PknE,LOF,Rv1745c,3.3585,3.21e-26,Induced
1032,PknE,LOF,Rv2781c,3.5125,1.35e-48,Induced
1033,PknE,LOF,Rv2780,3.5257,1.28e-42,Induced
1034,PknE,LOF,Rv1742,3.5663,2.81e-30,Induced
1035,PknE,LOF,Rv3614c,3.8407,7.1e-15,Induced
1036,PknE,LOF,Rv3612c,3.9111,6.33e-18,Induced
1037,PknE,LOF,Rv3613c,3.98,9.91e-14,Induced
1038,PknE,LOF,Rv1744c,4.1396,3.58e-34,Induced
1039,PknF,OE,Rv0837c,-4.4665,2.76e-65,Repressed
1040,PknF,OE,Rv0792c,-4.4277,2.02e-78,Repressed
1041,PknF,OE,Rv0754,-4.208,3e-70,Repressed
1042,PknF,OE,Rv1169c,-4.0772,1.36e-61,Repressed
1043,PknF,OE,Rv2466c,-3.9937,2.79e-66,Repressed
1044,PknF,OE,Rv2913c,-3.9348,5.04e-71,Repressed
1045,PknF,OE,Rv0791c,-3.8276,1.09e-82,Repressed
1046,PknF,OE,Rv0768,-3.7815,3.02e-77,Repressed
1047,PknF,OE,Rv0753c,-3.7261,6.51e-52,Repressed
1048,PknF,OE,Rv1801,-3.6989,9.93e-70,Repressed
1049,PknF,OE,Rv0765c,-3.593,1.66e-73,Repressed
1050,PknF,OE,Rv0251c,-3.5783,2.21e-45,Repressed
1051,PknF,OE,Rv0767c,-3.5284,3.8e-48,Repressed
1052,PknF,OE,Rv2621c,-3.5143,6.97e-63,Repressed
1053,PknF,OE,Rv0766c,-3.495,1.2e-72,Repressed
1054,PknF,OE,Rv2745c,-3.4391,1.97e-44,Repressed
1055,PknF,OE,Rv3536c,-3.4359,8.43e-51,Repressed
1056,PknF,OE,Rv0834c,-3.3221,5.46e-28,Repressed
1057,PknF,OE,Rv0654,-3.2928,1.86e-43,Repressed
1058,PknF,OE,Rv1219c,-3.2899,8.17e-71,Repressed
1059,PknF,OE,Rv0678,-3.2791,6.61e-43,Repressed
1060,PknF,OE,Rv1586c,-3.2618,2.22e-45,Repressed
1061,PknF,OE,Rv1405c,-3.26,1.09e-40,Repressed
1062,PknF,OE,Rv1471,-3.1885,4.26e-53,Repressed
1063,PknF,OE,Rv0991c,-3.1447,5.09e-39,Repressed
1064,PknF,OE,Rv3531c,-3.1411,9.28e-51,Repressed
1065,PknF,OE,Rv0232,-3.1297,2.73e-36,Repressed
1066,PknF,OE,Rv1168c,-3.0763,9.7e-47,Repressed
1067,PknF,OE,Rv1895,-3.0659,1.26e-55,Repressed
1068,PknF,OE,Rv0976c,-3.0488,1.16e-33,Repressed
1069,PknF,OE,Rv1996,-3.027,2.29e-23,Repressed
1070,PknF,OE,Rv1587c,-3.0117,2.95e-50,Repressed
1071,PknF,OE,Rv2744c,-3.0016,1.68e-33,Repressed
1072,PknF,OE,Rv2743c,-3.0015,2.25e-32,Repressed
1073,PknF,OE,Rv2620c,-2.9884,2.18e-47,Repressed
1074,PknF,OE,Rv2035,-2.9769,6.94e-43,Repressed
1075,PknF,OE,Rv3535c,-2.9672,4.57e-38,Repressed
1076,PknF,OE,Rv0140,-2.9587,3.41e-48,Repressed
1077,PknF,OE,Rv1804c,-2.9477,2.66e-25,Repressed
1078,PknF,OE,Rv0764c,-2.9164,9.63e-62,Repressed
1079,PknF,OE,Rv3167c,-2.9089,1.78e-30,Repressed
1080,PknF,OE,Rv3406,-2.9073,5.1e-47,Repressed
1081,PknF,OE,Rv0575c,-2.9037,9.28e-40,Repressed
1082,PknF,OE,Rv2036,-2.8803,1.3e-45,Repressed
1083,PknF,OE,Rv2694c,-2.8783,1.49e-49,Repressed
1084,PknF,OE,Rv0233,-2.8655,3.59e-30,Repressed
1085,PknF,OE,Rv0384c,-2.8584,1.35e-42,Repressed
1086,PknF,OE,Rv0975c,-2.853,9.64e-33,Repressed
1087,PknF,OE,Rv3530c,-2.8229,1.03e-48,Repressed
1088,PknF,OE,Rv1218c,-2.8099,7.52e-62,Repressed
1089,PknF,OE,Rv3571,-2.7932,1.38e-43,Repressed
1090,PknF,OE,Rv0064,-2.7849,5.13e-27,Repressed
1091,PknF,OE,Rv0064A,-2.7738,1.63e-24,Repressed
1092,PknF,OE,Rv0679c,-2.7286,1.28e-26,Repressed
1093,PknF,OE,Rv3545c,-2.7281,7.27e-40,Repressed
1094,PknF,OE,Rv3534c,-2.711,4.01e-39,Repressed
1095,PknF,OE,Rv2484c,-2.6929,8.24e-44,Repressed
1096,PknF,OE,Rv2025c,-2.6534,4.17e-26,Repressed
1097,PknF,OE,Rv0942,-2.6387,3.79e-25,Repressed
1098,PknF,OE,Rv0941c,-2.636,1.32e-29,Repressed
1099,PknF,OE,Rv0677c,-2.6274,5e-37,Repressed
1100,PknF,OE,Rv3289c,-2.6188,1.91e-11,Repressed
1101,PknF,OE,Rv3252c,-2.5933,1.21e-28,Repressed
1102,PknF,OE,Rv3463,-2.5653,9.4e-36,Repressed
1103,PknF,OE,Rv3290c,-2.5644,1e-17,Repressed
1104,PknF,OE,Rv2501c,-2.5627,8.84e-29,Repressed
1105,PknF,OE,Rv3746c,-2.5364,8.31e-34,Repressed
1106,PknF,OE,Rv0983,-2.4976,1.72e-32,Repressed
1107,PknF,OE,Rv1894c,-2.4529,9.5e-35,Repressed
1108,PknF,OE,Rv0762c,-2.4484,8.23e-33,Repressed
1109,PknF,OE,Rv0790c,-2.4472,2.22e-51,Repressed
1110,PknF,OE,Rv1221,-2.4297,5.37e-27,Repressed
1111,PknF,OE,Rv0793,-2.4073,8.99e-19,Repressed
1112,PknF,OE,Rv3546,-2.3982,7.19e-33,Repressed
1113,PknF,OE,Rv3223c,-2.3964,4.2e-37,Repressed
1114,PknF,OE,Rv3502c,-2.38,4.33e-28,Repressed
1115,PknF,OE,Rv2662,-2.3551,6.41e-25,Repressed
1116,PknF,OE,Rv0195,-2.3483,4.01e-21,Repressed
1117,PknF,OE,Rv0670,-2.3475,2.36e-26,Repressed
1118,PknF,OE,Rv0836c,-2.347,3.06e-24,Repressed
1119,PknF,OE,Rv2661c,-2.3407,8.16e-30,Repressed
1120,PknF,OE,Rv0687,-2.3353,1.39e-28,Repressed
1121,PknF,OE,Rv2323c,-2.317,1.18e-29,Repressed
1122,PknF,OE,Rv3054c,-2.3157,4.14e-22,Repressed
1123,PknF,OE,Rv0094c,-2.2991,2.96e-29,Repressed
1124,PknF,OE,Rv0872c,-2.2975,9.53e-23,Repressed
1125,PknF,OE,Rv3467,-2.293,2.61e-29,Repressed
1126,PknF,OE,Rv0747,-2.2861,4.81e-20,Repressed
1127,PknF,OE,Rv0376c,-2.2808,9.78e-22,Repressed
1128,PknF,OE,Rv0982,-2.2777,2.05e-24,Repressed
1129,PknF,OE,Rv0940c,-2.2562,7.11e-29,Repressed
1130,PknF,OE,Rv2053c,-2.241,5.88e-34,Repressed
1131,PknF,OE,Rv1585c,-2.2372,1.56e-29,Repressed
1132,PknF,OE,Rv0874c,-2.2139,2.28e-24,Repressed
1133,PknF,OE,Rv1725c,-2.2105,1.28e-22,Repressed
1134,PknF,OE,Rv0628c,-2.2034,1.87e-25,Repressed
1135,PknF,OE,Rv3080c,-2.2013,3.32e-25,Repressed
1136,PknF,OE,Rv2693c,-2.1999,1.9e-33,Repressed
1137,PknF,OE,Rv0973c,-2.1995,1.93e-28,Repressed
1138,PknF,OE,Rv2912c,-2.1902,7.01e-38,Repressed
1139,PknF,OE,Rv0984,-2.188,3.57e-29,Repressed
1140,PknF,OE,Rv3503c,-2.1743,5.14e-10,Repressed
1141,PknF,OE,Rv2660c,-2.1574,6.97e-22,Repressed
1142,PknF,OE,Rv0313,-2.1542,1.18e-22,Repressed
1143,PknF,OE,Rv3515c,-2.1355,1.63e-33,Repressed
1144,PknF,OE,Rv0275c,-2.1354,2.37e-20,Repressed
1145,PknF,OE,Rv3087,-2.1241,4.62e-22,Repressed
1146,PknF,OE,Rv0769,-2.1128,1.93e-25,Repressed
1147,PknF,OE,Rv2730,-2.1092,7.02e-16,Repressed
1148,PknF,OE,Rv0877,-2.0947,1.67e-28,Repressed
1149,PknF,OE,Rv3347c,-2.0929,1.52e-36,Repressed
1150,PknF,OE,Rv3833,-2.091,8.95e-25,Repressed
1151,PknF,OE,Rv3516,-2.0867,2.11e-24,Repressed
1152,PknF,OE,Rv2558,-2.0842,1.51e-17,Repressed
1153,PknF,OE,Rv0676c,-2.0787,4.67e-23,Repressed
1154,PknF,OE,Rv2622,-2.0756,2.45e-26,Repressed
1155,PknF,OE,Rv0411c,-2.0755,2.24e-19,Repressed
1156,PknF,OE,Rv0563,-2.0617,3.16e-29,Repressed
1157,PknF,OE,Rv3574,-2.0597,2.7e-24,Repressed
1158,PknF,OE,Rv0752c,-2.0417,5.02e-30,Repressed
1159,PknF,OE,Rv2570,-2.0316,9.5e-18,Repressed
1160,PknF,OE,Rv2052c,-2.0314,7.17e-25,Repressed
1161,PknF,OE,Rv0763c,-2.0304,3.4e-16,Repressed
1162,PknF,OE,Rv2399c,-2.0249,1.14e-29,Repressed
1163,PknF,OE,Rv2483c,-2.0133,7.7e-34,Repressed
1164,PknF,OE,Rv3153,2.0133,1.08e-13,Induced
1165,PknF,OE,Rv1473A,2.0273,1.17e-07,Induced
1166,PknF,OE,Rv2253,2.0301,2.51e-09,Induced
1167,PknF,OE,Rv0222,2.0346,3.76e-12,Induced
1168,PknF,OE,Rv0512,2.0363,1.54e-22,Induced
1169,PknF,OE,Rv2940c,2.0376,5.84e-17,Induced
1170,PknF,OE,Rv2937,2.0401,2.09e-13,Induced
1171,PknF,OE,Rv2123,2.0403,3.68e-16,Induced
1172,PknF,OE,Rv2737c,2.0403,4.16e-26,Induced
1173,PknF,OE,Rv1181,2.0413,1.89e-21,Induced
1174,PknF,OE,Rv1426c,2.0417,1.44e-14,Induced
1175,PknF,OE,Rv0074,2.0451,1.37e-15,Induced
1176,PknF,OE,Rv0646c,2.0451,1.09e-16,Induced
1177,PknF,OE,Rv0605,2.0576,3.38e-17,Induced
1178,PknF,OE,Rv2010,2.0609,1.14e-15,Induced
1179,PknF,OE,Rv2048c,2.0616,3.18e-16,Induced
1180,PknF,OE,Rv3918c,2.0803,3.38e-21,Induced
1181,PknF,OE,Rv3363c,2.082,1.82e-09,Induced
1182,PknF,OE,Rv3804c,2.102,1.24e-16,Induced
1183,PknF,OE,Rv3361c,2.108,1.89e-10,Induced
1184,PknF,OE,Rv2107,2.1089,1.82e-06,Induced
1185,PknF,OE,Rv2054,2.1128,1.96e-15,Induced
1186,PknF,OE,Rv2945c,2.1139,4.61e-07,Induced
1187,PknF,OE,Rv2055c,2.1188,1.75e-11,Induced
1188,PknF,OE,Rv2942,2.1228,8.65e-23,Induced
1189,PknF,OE,Rv1108c,2.1256,6.8e-23,Induced
1190,PknF,OE,Rv2013,2.1281,8.52e-08,Induced
1191,PknF,OE,Rv1475c,2.1283,5.96e-25,Induced
1192,PknF,OE,Rv3196,2.1296,1.43e-17,Induced
1193,PknF,OE,Rv0637,2.134,1.48e-13,Induced
1194,PknF,OE,Rv0907,2.1362,2.06e-18,Induced
1195,PknF,OE,Rv3921c,2.137,5.61e-16,Induced
1196,PknF,OE,Rv1701,2.1381,1.56e-15,Induced
1197,PknF,OE,Rv1883c,2.1479,1.23e-21,Induced
1198,PknF,OE,Rv1025,2.1511,2.83e-12,Induced
1199,PknF,OE,Rv0342,2.1515,2.65e-23,Induced
1200,PknF,OE,Rv0718,2.1575,3.57e-16,Induced
1201,PknF,OE,Rv0264c,2.1589,4.67e-13,Induced
1202,PknF,OE,Rv0703,2.1591,1.51e-09,Induced
1203,PknF,OE,Rv1196,2.1621,2.56e-21,Induced
1204,PknF,OE,Rv3613c,2.1669,2.84e-14,Induced
1205,PknF,OE,Rv2425c,2.1758,2.82e-18,Induced
1206,PknF,OE,Rv3484,2.1768,3.23e-17,Induced
1207,PknF,OE,Rv1614,2.1785,3.23e-15,Induced
1208,PknF,OE,Rv0933,2.1799,4.42e-16,Induced
1209,PknF,OE,Rv3197A,2.182,2.6e-25,Induced
1210,PknF,OE,Rv2377c,2.1846,1.25e-05,Induced
1211,PknF,OE,Rv2440c,2.1868,2.18e-20,Induced
1212,PknF,OE,Rv0073,2.1915,7.6e-19,Induced
1213,PknF,OE,Rv1098c,2.1977,3.51e-16,Induced
1214,PknF,OE,Rv1698,2.1982,1.25e-16,Induced
1215,PknF,OE,Rv0170,2.2004,3.89e-14,Induced
1216,PknF,OE,Rv1107c,2.2028,1.39e-14,Induced
1217,PknF,OE,Rv2954c,2.2141,3.91e-17,Induced
1218,PknF,OE,Rv2273,2.2151,2.37e-05,Induced
1219,PknF,OE,Rv1713,2.2215,6.45e-19,Induced
1220,PknF,OE,Rv3031,2.2215,3.71e-17,Induced
1221,PknF,OE,Rv0280,2.2308,7.54e-21,Induced
1222,PknF,OE,Rv0723,2.2351,1.88e-16,Induced
1223,PknF,OE,Rv1241,2.2359,5.91e-09,Induced
1224,PknF,OE,Rv3797,2.2365,1.86e-16,Induced
1225,PknF,OE,Rv1386,2.2367,2.45e-20,Induced
1226,PknF,OE,Rv2258c,2.2369,5.39e-17,Induced
1227,PknF,OE,Rv0696,2.2433,9.44e-17,Induced
1228,PknF,OE,Rv2939,2.2434,5.75e-17,Induced
1229,PknF,OE,Rv2790c,2.2454,1.79e-21,Induced
1230,PknF,OE,Rv1563c,2.2461,2.64e-16,Induced
1231,PknF,OE,Rv0283,2.2495,6.31e-22,Induced
1232,PknF,OE,Rv0169,2.2605,2.42e-10,Induced
1233,PknF,OE,Rv1882c,2.2617,1.79e-23,Induced
1234,PknF,OE,Rv0908,2.2619,1.12e-22,Induced
1235,PknF,OE,Rv2385,2.2649,9.89e-14,Induced
1236,PknF,OE,Rv2736c,2.2744,9.19e-18,Induced
1237,PknF,OE,Rv1573,2.2762,5.41e-06,Induced
1238,PknF,OE,Rv3686c,2.2792,9.78e-19,Induced
1239,PknF,OE,Rv0722,2.2923,5.57e-18,Induced
1240,PknF,OE,Rv3714c,2.3013,8.19e-18,Induced
1241,PknF,OE,Rv2938,2.309,4.82e-18,Induced
1242,PknF,OE,Rv2057c,2.3219,8.24e-09,Induced
1243,PknF,OE,Rv1388,2.3341,1.84e-22,Induced
1244,PknF,OE,Rv0822c,2.3364,1.31e-23,Induced
1245,PknF,OE,Rv1437,2.3431,1.35e-24,Induced
1246,PknF,OE,Rv0936,2.3489,8.96e-16,Induced
1247,PknF,OE,Rv2383c,2.3496,1.34e-29,Induced
1248,PknF,OE,Rv2375,2.3505,5.6e-21,Induced
1249,PknF,OE,Rv0173,2.3521,4.33e-09,Induced
1250,PknF,OE,Rv3000,2.3543,2.61e-13,Induced
1251,PknF,OE,Rv3612c,2.3551,5.53e-18,Induced
1252,PknF,OE,Rv0085,2.3586,5.46e-23,Induced
1253,PknF,OE,Rv2932,2.3739,9.09e-12,Induced
1254,PknF,OE,Rv3362c,2.388,2.22e-12,Induced
1255,PknF,OE,Rv2334,2.3993,5.39e-24,Induced
1256,PknF,OE,Rv3155,2.4058,5.71e-09,Induced
1257,PknF,OE,Rv3860,2.4281,1.02e-31,Induced
1258,PknF,OE,Rv2009,2.4346,6.98e-21,Induced
1259,PknF,OE,Rv3805c,2.4372,5.52e-21,Induced
1260,PknF,OE,Rv0720,2.4399,2.91e-22,Induced
1261,PknF,OE,Rv3486,2.4399,2.81e-18,Induced
1262,PknF,OE,Rv0704,2.4401,4.24e-19,Induced
1263,PknF,OE,Rv2986c,2.4477,1.76e-22,Induced
1264,PknF,OE,Rv0172,2.4799,3.07e-11,Induced
1265,PknF,OE,Rv2952,2.485,2.04e-13,Induced
1266,PknF,OE,Rv0668,2.487,8.41e-23,Induced
1267,PknF,OE,Rv0284,2.4919,4.22e-25,Induced
1268,PknF,OE,Rv3149,2.4923,8.57e-23,Induced
1269,PknF,OE,Rv0850,2.5036,3.83e-13,Induced
1270,PknF,OE,Rv0647c,2.5039,1.91e-24,Induced
1271,PknF,OE,Rv2990c,2.5048,6.35e-38,Induced
1272,PknF,OE,Rv0106,2.5065,5.99e-24,Induced
1273,PknF,OE,Rv3487c,2.5099,2.04e-19,Induced
1274,PknF,OE,Rv3157,2.5103,1.41e-18,Induced
1275,PknF,OE,Rv0184,2.5105,3.79e-28,Induced
1276,PknF,OE,Rv2591,2.5134,3.64e-32,Induced
1277,PknF,OE,Rv2720,2.5143,7.71e-28,Induced
1278,PknF,OE,Rv3806c,2.5184,1.29e-21,Induced
1279,PknF,OE,Rv2335,2.5292,2.68e-23,Induced
1280,PknF,OE,Rv2640c,2.5392,3.61e-19,Induced
1281,PknF,OE,Rv2381c,2.5441,8.61e-12,Induced
1282,PknF,OE,Rv3030,2.5442,6.39e-15,Induced
1283,PknF,OE,Rv0263c,2.5519,8.16e-10,Induced
1284,PknF,OE,Rv2257c,2.5653,7.59e-17,Induced
1285,PknF,OE,Rv3920c,2.5708,2.22e-13,Induced
1286,PknF,OE,Rv2426c,2.5761,1.14e-21,Induced
1287,PknF,OE,Rv0086,2.5803,2.08e-28,Induced
1288,PknF,OE,Rv3156,2.5816,5.87e-19,Induced
1289,PknF,OE,Rv0934,2.5833,2.5e-24,Induced
1290,PknF,OE,Rv2953,2.5841,8.02e-22,Induced
1291,PknF,OE,Rv1318c,2.5888,1.06e-26,Induced
1292,PknF,OE,Rv0221,2.5983,1.5e-24,Induced
1293,PknF,OE,Rv1714,2.6425,1.1e-17,Induced
1294,PknF,OE,Rv0848,2.6467,2.99e-30,Induced
1295,PknF,OE,Rv0849,2.6479,5.2e-33,Induced
1296,PknF,OE,Rv2376c,2.6483,4.85e-26,Induced
1297,PknF,OE,Rv3150,2.6896,3.07e-31,Induced
1298,PknF,OE,Rv3032,2.6974,4.2e-20,Induced
1299,PknF,OE,Rv1697,2.7044,3.55e-22,Induced
1300,PknF,OE,Rv1884c,2.7089,6.77e-24,Induced
1301,PknF,OE,Rv0282,2.7128,1.42e-29,Induced
1302,PknF,OE,Rv2951c,2.7149,1.94e-20,Induced
1303,PknF,OE,Rv2058c,2.7454,5.23e-13,Induced
1304,PknF,OE,Rv3148,2.7503,1.23e-25,Induced
1305,PknF,OE,Rv2248,2.751,4.28e-28,Induced
1306,PknF,OE,Rv1319c,2.7566,2.64e-30,Induced
1307,PknF,OE,Rv3152,2.7599,1.06e-24,Induced
1308,PknF,OE,Rv0087,2.7664,6.72e-30,Induced
1309,PknF,OE,Rv1316c,2.7896,1.91e-23,Induced
1310,PknF,OE,Rv1258c,2.8,3.32e-25,Induced
1311,PknF,OE,Rv0693,2.8174,1.88e-39,Induced
1312,PknF,OE,Rv1438,2.8191,1.76e-13,Induced
1313,PknF,OE,Rv0185,2.83,1.18e-30,Induced
1314,PknF,OE,Rv2947c,2.8362,2.77e-12,Induced
1315,PknF,OE,Rv2382c,2.8379,1.63e-21,Induced
1316,PknF,OE,Rv1184c,2.8617,4.96e-16,Induced
1317,PknF,OE,Rv3485c,2.8619,4.99e-33,Induced
1318,PknF,OE,Rv0697,2.869,2.67e-19,Induced
1319,PknF,OE,Rv3862c,2.8817,6.09e-29,Induced
1320,PknF,OE,Rv3823c,2.8855,1.96e-24,Induced
1321,PknF,OE,Rv1195,2.8861,3.23e-32,Induced
1322,PknF,OE,Rv0705,2.9241,3.3e-26,Induced
1323,PknF,OE,Rv3861,2.9803,1.52e-35,Induced
1324,PknF,OE,Rv1612,2.9949,2.48e-22,Induced
1325,PknF,OE,Rv2056c,3.0047,1.38e-14,Induced
1326,PknF,OE,Rv0516c,3.0611,2.86e-32,Induced
1327,PknF,OE,Rv3824c,3.0636,5.68e-15,Induced
1328,PknF,OE,Rv1474c,3.093,6.7e-30,Induced
1329,PknF,OE,Rv1182,3.1059,2.42e-15,Induced
1330,PknF,OE,Rv0341,3.1191,4.24e-26,Induced
1331,PknF,OE,Rv2416c,3.2063,2.12e-31,Induced
1332,PknF,OE,Rv1613,3.2312,5.68e-17,Induced
1333,PknF,OE,Rv2950c,3.2328,4.94e-34,Induced
1334,PknF,OE,Rv2987c,3.2461,2.3e-37,Induced
1335,PknF,OE,Rv0706,3.2897,2e-38,Induced
1336,PknF,OE,Rv1185c,3.3069,1.64e-39,Induced
1337,PknF,OE,Rv2590,3.3884,4.52e-56,Induced
1338,PknF,OE,Rv0708,3.4758,5.67e-18,Induced
1339,PknF,OE,Rv2450c,3.4763,3.81e-12,Induced
1340,PknF,OE,Rv1183,3.5301,5.32e-37,Induced
1341,PknF,OE,Rv2985,3.5456,9.33e-36,Induced
1342,PknF,OE,Rv2386c,3.6065,1.97e-37,Induced
1343,PknF,OE,Rv2641,3.6282,8.16e-68,Induced
1344,PknF,OE,Rv0707,3.6969,5.09e-22,Induced
1345,PknF,OE,Rv1144,3.732,5.15e-48,Induced
1346,PknF,OE,Rv0694,3.7851,1.62e-58,Induced
1347,PknF,OE,Rv2948c,3.7958,4.34e-19,Induced
1348,PknF,OE,Rv0709,3.8768,2.48e-20,Induced
1349,PknF,OE,Rv2949c,3.9765,1.82e-40,Induced
1350,PknF,OE,Rv0710,4.0154,1.63e-24,Induced
1351,PknG,OE,Rv3508,-2.5521,1.56e-09,Repressed
1352,PknG,LOF,Rv0967,-2.9591,9.27e-30,Repressed
1353,PknG,LOF,Rv0968,-2.7993,9.45e-41,Repressed
1354,PknG,LOF,Rv0837c,-2.6817,7e-14,Repressed
1355,PknG,LOF,Rv0754,-2.6193,3.15e-22,Repressed
1356,PknG,LOF,Rv2621c,-2.6159,2e-29,Repressed
1357,PknG,LOF,Rv0940c,-2.4707,2.62e-19,Repressed
1358,PknG,LOF,Rv2011c,-2.4122,4.44e-12,Repressed
1359,PknG,LOF,Rv1048c,-2.4082,6.25e-16,Repressed
1360,PknG,LOF,Rv2620c,-2.3516,1.13e-19,Repressed
1361,PknG,LOF,Rv0975c,-2.3506,3.19e-13,Repressed
1362,PknG,LOF,Rv0969,-2.3131,1.57e-26,Repressed
1363,PknG,LOF,Rv0973c,-2.3113,1.79e-10,Repressed
1364,PknG,LOF,Rv3515c,-2.3102,3.93e-21,Repressed
1365,PknG,LOF,Rv2025c,-2.2679,3.08e-20,Repressed
1366,PknG,LOF,Rv1801,-2.2201,1.3e-20,Repressed
1367,PknG,LOF,Rv0847,-2.2053,9.3e-19,Repressed
1368,PknG,LOF,Rv0970,-2.2039,2.78e-16,Repressed
1369,PknG,LOF,Rv0972c,-2.2019,1.15e-12,Repressed
1370,PknG,LOF,Rv0863,-2.1117,5.78e-15,Repressed
1371,PknG,LOF,Rv0608,-2.1002,2.86e-11,Repressed
1372,PknG,LOF,Rv0121c,-2.0785,6.47e-06,Repressed
1373,PknG,LOF,Rv0313,-2.0771,2.05e-17,Repressed
1374,PknG,LOF,Rv1578c,-2.0609,4.01e-12,Repressed
1375,PknG,LOF,Rv0705,2.0114,2.56e-19,Induced
1376,PknG,LOF,Rv1807,2.0128,2.66e-05,Induced
1377,PknG,LOF,Rv3824c,2.0828,6.46e-13,Induced
1378,PknG,LOF,Rv3614c,2.104,1.23e-31,Induced
1379,PknG,LOF,Rv1184c,2.1159,1.87e-10,Induced
1380,PknG,LOF,Rv3613c,2.1303,2.58e-17,Induced
1381,PknG,LOF,Rv0710,2.1348,8.35e-16,Induced
1382,PknG,LOF,Rv3270,2.1413,3.82e-37,Induced
1383,PknG,LOF,Rv1183,2.1606,1.96e-23,Induced
1384,PknG,LOF,Rv0096,2.194,1.99e-14,Induced
1385,PknG,LOF,Rv0099,2.2281,1.47e-26,Induced
1386,PknG,LOF,Rv0706,2.2348,3.49e-26,Induced
1387,PknG,LOF,Rv0708,2.2413,7.05e-09,Induced
1388,PknG,LOF,Rv2949c,2.3089,5.33e-16,Induced
1389,PknG,LOF,Rv0098,2.3737,6.32e-07,Induced
1390,PknG,LOF,Rv0709,2.4848,5.33e-17,Induced
1391,PknG,LOF,Rv0707,2.5324,5.81e-25,Induced
1392,PknG,LOF,Rv3271c,2.5507,9.37e-37,Induced
1393,PknG,LOF,Rv0694,2.7836,8.89e-37,Induced
1394,PknG,LOF,Rv0467,2.7896,8.17e-53,Induced
1395,PknG,LOF,Rv2590,2.9151,2.53e-66,Induced
1396,PknH,OE,Rv3508,-2.2961,9.46e-17,Repressed
1397,PknH,OE,Rv0834c,-2.2154,1.25e-17,Repressed
1398,PknH,OE,Rv3514,-2.0729,2.85e-19,Repressed
1399,PknH,OE,Rv1147,2.0074,4.95e-10,Induced
1400,PknH,OE,Rv1397c,2.0198,1.38e-26,Induced
1401,PknH,OE,Rv0789c,2.034,2.22e-12,Induced
1402,PknH,OE,Rv2515c,2.0471,7.24e-12,Induced
1403,PknH,OE,Rv1721c,2.0594,9.17e-05,Induced
1404,PknH,OE,Rv2514c,2.06,6.21e-07,Induced
1405,PknH,OE,Rv0099,2.1311,1.7e-14,Induced
1406,PknH,OE,Rv1577c,2.1477,6.23e-21,Induced
1407,PknH,OE,Rv2663,2.1508,8.39e-19,Induced
1408,PknH,OE,Rv1267c,2.1536,2.66e-07,Induced
1409,PknH,OE,Rv3172c,2.1643,5.09e-09,Induced
1410,PknH,OE,Rv1316c,2.2016,7.15e-10,Induced
1411,PknH,OE,Rv0960,2.2122,1.97e-11,Induced
1412,PknH,OE,Rv1994c,2.2463,1.31e-14,Induced
1413,PknH,OE,Rv2428,2.2536,2e-08,Induced
1414,PknH,OE,Rv2429,2.2673,1.08e-15,Induced
1415,PknH,OE,Rv1982A,2.2732,1.75e-15,Induced
1416,PknH,OE,Rv1706A,2.2866,1.26e-10,Induced
1417,PknH,OE,Rv3470c,2.3296,5.77e-07,Induced
1418,PknH,OE,Rv2431c,2.3412,2.33e-22,Induced
1419,PknH,OE,Rv0959A,2.3692,5.11e-10,Induced
1420,PknH,OE,Rv2991,2.3979,7.42e-20,Induced
1421,PknH,OE,Rv2990c,2.4627,1.8e-29,Induced
1422,PknH,OE,Rv2076c,2.4666,4.21e-13,Induced
1423,PknH,OE,Rv2651c,2.4999,1.87e-27,Induced
1424,PknH,OE,Rv2430c,2.6308,1.23e-29,Induced
1425,PknH,OE,Rv0841,3.0481,3.97e-31,Induced
1426,PknH,OE,Rv0195,3.1103,5.54e-25,Induced
1427,PknH,OE,Rv2966c,3.2642,5.22e-09,Induced
1428,PknH,OE,Rv1735c,3.3605,1.02e-58,Induced
1429,PknH,OE,Rv0229c,3.4328,2.92e-41,Induced
1430,PknH,OE,Rv0840c,3.4773,7.56e-36,Induced
1431,PknH,OE,Rv1269c,3.6631,4.12e-13,Induced
1432,PknH,OE,Rv1290c,4.1625,5.98e-19,Induced
1433,PknH,OE,Rv3471c,4.738,8.19e-11,Induced
1434,PknH,OE,Rv3468c,5.0551,1.71e-19,Induced
1435,PknH,OE,Rv1268c,5.0819,3.78e-20,Induced
1436,PknH,OE,Rv1270c,5.23,3.74e-39,Induced
1437,PknH,OE,Rv2965c,5.4777,4.38e-29,Induced
1438,PknH,OE,Rv1290A,6.0807,4.68e-20,Induced
1439,PknH,OE,Rv1291c,7.3932,1.89e-33,Induced
1440,PknH,OE,Rv1271c,8.0186,2.43e-55,Induced
1441,PknH,OE,Rv3469c,8.3794,3.84e-43,Induced
1442,PknH,LOF,Rv0771,2.1245,3.82e-05,Induced
1443,PknH,LOF,Rv0770,2.2116,9.85e-12,Induced
1444,PknI,OE,Rv2933,-2.8862,2.39e-10,Repressed
1445,PknI,OE,Rv3919c,-2.8681,0.002722728,Repressed
1446,PknI,OE,Rv1283c,-2.5899,0.005117119,Repressed
1447,PknI,OE,Rv2932,-2.2117,6.91e-05,Repressed
1448,PknI,OE,Rv0327c,-2.0763,0.00384753,Repressed
1449,PknI,OE,Rv0975c,-2.0378,6.73e-06,Repressed
1450,PknI,OE,Rv0754,-2.0092,2.66e-13,Repressed
1451,PknI,OE,Rv2986c,2.0149,3.66e-16,Induced
1452,PknJ,OE,Rv0768,-3.1691,2.9e-38,Repressed
1453,PknJ,OE,Rv1219c,-3.1048,1.2e-33,Repressed
1454,PknJ,OE,Rv2035,-3.0098,1.06e-30,Repressed
1455,PknJ,OE,Rv0837c,-2.8552,4.11e-27,Repressed
1456,PknJ,OE,Rv0792c,-2.7643,1.86e-33,Repressed
1457,PknJ,OE,Rv3252c,-2.6727,6.45e-25,Repressed
1458,PknJ,OE,Rv0232,-2.6215,1.01e-25,Repressed
1459,PknJ,OE,Rv1169c,-2.6066,1.78e-08,Repressed
1460,PknJ,OE,Rv2034,-2.5835,1.07e-49,Repressed
1461,PknJ,OE,Rv1218c,-2.5605,3.62e-45,Repressed
1462,PknJ,OE,Rv0975c,-2.5413,6.28e-20,Repressed
1463,PknJ,OE,Rv2466c,-2.4964,2.19e-26,Repressed
1464,PknJ,OE,Rv1895,-2.4828,4.69e-39,Repressed
1465,PknJ,OE,Rv1471,-2.4515,7.46e-28,Repressed
1466,PknJ,OE,Rv3269,-2.3945,1.56e-21,Repressed
1467,PknJ,OE,Rv0754,-2.3359,3.17e-13,Repressed
1468,PknJ,OE,Rv0973c,-2.3139,6.7e-19,Repressed
1469,PknJ,OE,Rv0791c,-2.3053,4.77e-17,Repressed
1470,PknJ,OE,Rv2086,-2.2894,3.19e-23,Repressed
1471,PknJ,OE,Rv3571,-2.233,5.25e-26,Repressed
1472,PknJ,OE,Rv0983,-2.2261,4.26e-17,Repressed
1473,PknJ,OE,Rv0767c,-2.1806,1.3e-15,Repressed
1474,PknJ,OE,Rv0233,-2.163,4.95e-20,Repressed
1475,PknJ,OE,Rv2399c,-2.1585,5.06e-30,Repressed
1476,PknJ,OE,Rv2620c,-2.136,8.23e-20,Repressed
1477,PknJ,OE,Rv1168c,-2.0839,2.63e-26,Repressed
1478,PknJ,OE,Rv3463,-2.071,6.87e-13,Repressed
1479,PknJ,OE,Rv0974c,-2.0642,1.44e-15,Repressed
1480,PknJ,OE,Rv0976c,-2.0385,1.09e-14,Repressed
1481,PknJ,OE,Rv3608c,-2.0325,6.22e-15,Repressed
1482,PknJ,OE,Rv1587c,-2.0303,2.02e-13,Repressed
1483,PknJ,OE,Rv0753c,-2.0178,1.74e-23,Repressed
1484,PknJ,OE,Rv0734,2.0026,2.63e-12,Induced
1485,PknJ,OE,Rv1569,2.0058,6.24e-15,Induced
1486,PknJ,OE,Rv3612c,2.0088,3.75e-08,Induced
1487,PknJ,OE,Rv2986c,2.0164,1.35e-22,Induced
1488,PknJ,OE,Rv3032,2.0213,0.000436801,Induced
1489,PknJ,OE,Rv1612,2.0216,2.7e-09,Induced
1490,PknJ,OE,Rv0286,2.0222,4.1e-26,Induced
1491,PknJ,OE,Rv2821c,2.0237,0.000422882,Induced
1492,PknJ,OE,Rv3892c,2.0266,9.43e-06,Induced
1493,PknJ,OE,Rv3224A,2.0327,1.07e-05,Induced
1494,PknJ,OE,Rv1568,2.0431,3.72e-08,Induced
1495,PknJ,OE,Rv2375,2.048,7.68e-09,Induced
1496,PknJ,OE,Rv1240,2.0483,1.2e-12,Induced
1497,PknJ,OE,Rv0284,2.0817,5.9e-14,Induced
1498,PknJ,OE,Rv3512,2.0843,4.49e-11,Induced
1499,PknJ,OE,Rv2932,2.1001,6.82e-13,Induced
1500,PknJ,OE,Rv0087,2.1087,0.000161106,Induced
1501,PknJ,OE,Rv1098c,2.1168,2.17e-11,Induced
1502,PknJ,OE,Rv2933,2.1361,4.4e-23,Induced
1503,PknJ,OE,Rv3043c,2.1533,1.52e-22,Induced
1504,PknJ,OE,Rv3031,2.1585,1.5e-08,Induced
1505,PknJ,OE,Rv1988,2.1595,1.28e-18,Induced
1506,PknJ,OE,Rv0156,2.1633,0.000122099,Induced
1507,PknJ,OE,Rv0220,2.1673,2.41e-21,Induced
1508,PknJ,OE,Rv2058c,2.1753,0.000701853,Induced
1509,PknJ,OE,Rv0157,2.1778,9.89e-13,Induced
1510,PknJ,OE,Rv2425c,2.1806,1.23e-08,Induced
1511,PknJ,OE,Rv1091,2.1831,2.46e-16,Induced
1512,PknJ,OE,Rv0237,2.1857,5.1e-09,Induced
1513,PknJ,OE,Rv3850,2.1897,2.3e-07,Induced
1514,PknJ,OE,Rv0934,2.2107,2.06e-10,Induced
1515,PknJ,OE,Rv0428c,2.219,1.47e-05,Induced
1516,PknJ,OE,Rv2564,2.2191,2.39e-06,Induced
1517,PknJ,OE,Rv3613c,2.2357,4.5e-12,Induced
1518,PknJ,OE,Rv2426c,2.2508,2.11e-07,Induced
1519,PknJ,OE,Rv0707,2.2551,3.39e-08,Induced
1520,PknJ,OE,Rv3042c,2.2758,3.19e-19,Induced
1521,PknJ,OE,Rv1386,2.2786,4.14e-16,Induced
1522,PknJ,OE,Rv1697,2.2802,1.15e-11,Induced
1523,PknJ,OE,Rv2056c,2.2843,0.000119992,Induced
1524,PknJ,OE,Rv0085,2.289,3.65e-10,Induced
1525,PknJ,OE,Rv0263c,2.2899,3.1e-11,Induced
1526,PknJ,OE,Rv0155,2.2988,1.27e-07,Induced
1527,PknJ,OE,Rv2739c,2.3054,1.41e-08,Induced
1528,PknJ,OE,Rv0222,2.3104,4.9e-09,Induced
1529,PknJ,OE,Rv2951c,2.3188,9.41e-09,Induced
1530,PknJ,OE,Rv0264c,2.3306,5.21e-08,Induced
1531,PknJ,OE,Rv3614c,2.3476,4.23e-21,Induced
1532,PknJ,OE,Rv1158c,2.3683,2.4e-09,Induced
1533,PknJ,OE,Rv1570,2.376,4.93e-11,Induced
1534,PknJ,OE,Rv2934,2.3951,1.16e-31,Induced
1535,PknJ,OE,Rv0708,2.4425,9.68e-10,Induced
1536,PknJ,OE,Rv2331,2.47,3.08e-06,Induced
1537,PknJ,OE,Rv0221,2.4739,2.28e-14,Induced
1538,PknJ,OE,Rv2614A,2.4838,0.000682772,Induced
1539,PknJ,OE,Rv1387,2.497,9.77e-25,Induced
1540,PknJ,OE,Rv1698,2.5481,2.31e-12,Induced
1541,PknJ,OE,Rv0709,2.5566,1.26e-07,Induced
1542,PknJ,OE,Rv0566c,2.5621,3.28e-05,Induced
1543,PknJ,OE,Rv1437,2.6159,1.2e-17,Induced
1544,PknJ,OE,Rv2450c,2.6196,5.09e-08,Induced
1545,PknJ,OE,Rv1807,2.6242,4.27e-07,Induced
1546,PknJ,OE,Rv0710,2.6305,2.49e-06,Induced
1547,PknJ,OE,Rv3824c,2.7083,5.32e-06,Induced
1548,PknJ,OE,Rv0106,2.7689,3.04e-17,Induced
1549,PknJ,OE,Rv2985,2.7793,1.37e-17,Induced
1550,PknJ,OE,Rv1182,2.8006,3.08e-14,Induced
1551,PknJ,OE,Rv0280,2.8304,3.46e-47,Induced
1552,PknJ,OE,Rv2416c,2.9505,1.9e-18,Induced
1553,PknJ,OE,Rv1571,2.9945,0.000252274,Induced
1554,PknJ,OE,Rv1258c,3.6278,1.79e-17,Induced
1555,PknK,OE,Rv2399c,-2.4394,2.44e-20,Repressed
1556,PknK,OE,Rv2466c,-2.427,3.52e-23,Repressed
1557,PknK,OE,Rv2395A,-2.23,1.08e-14,Repressed
1558,PknK,OE,Rv0140,-2.1323,1.81e-18,Repressed
1559,PknK,OE,Rv3223c,-2.0936,1.41e-17,Repressed
1560,PknK,OE,Rv1169c,-2.0885,8.14e-21,Repressed
1561,PknK,OE,Rv2731,-2.0672,1.13e-19,Repressed
1562,PknK,OE,Rv3270,2.0022,3.27e-25,Induced
1563,PknK,OE,Rv0082,2.0061,7.16e-11,Induced
1564,PknK,OE,Rv0332,2.0085,1.62e-11,Induced
1565,PknK,OE,Rv3180c,2.0259,8.51e-09,Induced
1566,PknK,OE,Rv2885c,2.0297,4.41e-17,Induced
1567,PknK,OE,Rv0770,2.0316,2.8e-08,Induced
1568,PknK,OE,Rv0331,2.036,6.29e-16,Induced
1569,PknK,OE,Rv3055,2.0378,3.45e-11,Induced
1570,PknK,OE,Rv3893c,2.0506,2.17e-06,Induced
1571,PknK,OE,Rv0619,2.051,0.00136285,Induced
1572,PknK,OE,Rv3358,2.0519,0.001116417,Induced
1573,PknK,OE,Rv0826,2.056,7.52e-17,Induced
1574,PknK,OE,Rv3585,2.057,1.01e-15,Induced
1575,PknK,OE,Rv3875,2.0709,1.41e-21,Induced
1576,PknK,OE,Rv0804,2.0742,0.000251308,Induced
1577,PknK,OE,Rv1193,2.0758,5.24e-19,Induced
1578,PknK,OE,Rv0279c,2.0938,5.41e-16,Induced
1579,PknK,OE,Rv3560c,2.0966,6.18e-08,Induced
1580,PknK,OE,Rv1970,2.0971,4.43e-09,Induced
1581,PknK,OE,Rv1283c,2.0983,9.35e-09,Induced
1582,PknK,OE,Rv3665c,2.0991,0.004893743,Induced
1583,PknK,OE,Rv1277,2.0999,9.37e-20,Induced
1584,PknK,OE,Rv0475,2.1032,2.76e-17,Induced
1585,PknK,OE,Rv1765c,2.1065,5.31e-17,Induced
1586,PknK,OE,Rv2917,2.1065,1.09e-07,Induced
1587,PknK,OE,Rv1406,2.1067,1.07e-19,Induced
1588,PknK,OE,Rv0782,2.1166,1.08e-07,Induced
1589,PknK,OE,Rv1715,2.1198,2.42e-06,Induced
1590,PknK,OE,Rv1147,2.1239,7.35e-12,Induced
1591,PknK,OE,Rv2999,2.1249,0.007563534,Induced
1592,PknK,OE,Rv0324,2.1306,3.63e-15,Induced
1593,PknK,OE,Rv0618,2.1308,1.12e-09,Induced
1594,PknK,OE,Rv3561,2.1315,6.98e-09,Induced
1595,PknK,OE,Rv0452,2.1352,1.08e-13,Induced
1596,PknK,OE,Rv3023c,2.1419,7.58e-09,Induced
1597,PknK,OE,Rv1199c,2.1421,7.66e-09,Induced
1598,PknK,OE,Rv1047,2.1423,7.73e-09,Induced
1599,PknK,OE,Rv3115,2.1423,7.71e-09,Induced
1600,PknK,OE,Rv2512c,2.1428,7.6e-09,Induced
1601,PknK,OE,Rv3357,2.1517,0.006527466,Induced
1602,PknK,OE,Rv0263c,2.1562,1.38e-07,Induced
1603,PknK,OE,Rv2015c,2.1588,1.14e-18,Induced
1604,PknK,OE,Rv3189,2.159,3.65e-15,Induced
1605,PknK,OE,Rv1091,2.1592,4.12e-09,Induced
1606,PknK,OE,Rv0626,2.1624,5.6e-15,Induced
1607,PknK,OE,Rv0024,2.1698,6.55e-16,Induced
1608,PknK,OE,Rv0607,2.1781,3.54e-06,Induced
1609,PknK,OE,Rv0285,2.1883,1.23e-18,Induced
1610,PknK,OE,Rv3904c,2.1887,0.001449274,Induced
1611,PknK,OE,Rv2252,2.1935,5.64e-11,Induced
1612,PknK,OE,Rv1049,2.1968,4.18e-08,Induced
1613,PknK,OE,Rv2451,2.2029,4.07e-09,Induced
1614,PknK,OE,Rv2048c,2.2071,2.56e-17,Induced
1615,PknK,OE,Rv1061,2.2168,1.53e-12,Induced
1616,PknK,OE,Rv1719,2.2232,0.000245933,Induced
1617,PknK,OE,Rv3873,2.2247,6.09e-26,Induced
1618,PknK,OE,Rv1179c,2.2255,5.65e-17,Induced
1619,PknK,OE,Rv0244c,2.2338,6.2e-25,Induced
1620,PknK,OE,Rv1187,2.2411,2.69e-10,Induced
1621,PknK,OE,Rv3188,2.2536,6.81e-16,Induced
1622,PknK,OE,Rv3611,2.2579,1.13e-10,Induced
1623,PknK,OE,Rv0780,2.2677,4.73e-07,Induced
1624,PknK,OE,Rv1385,2.2721,3.28e-14,Induced
1625,PknK,OE,Rv3054c,2.287,6.18e-18,Induced
1626,PknK,OE,Rv2811,2.2892,0.000931075,Induced
1627,PknK,OE,Rv1716,2.2923,2.52e-06,Induced
1628,PknK,OE,Rv3385c,2.2993,3.75e-25,Induced
1629,PknK,OE,Rv3196,2.3018,6.79e-06,Induced
1630,PknK,OE,Rv3181c,2.3025,3.04e-13,Induced
1631,PknK,OE,Rv1962c,2.3075,9.23e-12,Induced
1632,PknK,OE,Rv0493c,2.3113,1.78e-11,Induced
1633,PknK,OE,Rv2248,2.3203,1.55e-10,Induced
1634,PknK,OE,Rv1581c,2.321,7.88e-06,Induced
1635,PknK,OE,Rv2059,2.3301,1.72e-21,Induced
1636,PknK,OE,Rv3905c,2.3548,0.007906864,Induced
1637,PknK,OE,Rv3637,2.3549,0.002517833,Induced
1638,PknK,OE,Rv1186c,2.3576,1.58e-14,Induced
1639,PknK,OE,Rv1767,2.3638,1.68e-12,Induced
1640,PknK,OE,Rv2760c,2.3728,0.008967037,Induced
1641,PknK,OE,Rv1941,2.376,1.09e-22,Induced
1642,PknK,OE,Rv1188,2.3771,8.64e-07,Induced
1643,PknK,OE,Rv1590,2.3827,4.72e-08,Induced
1644,PknK,OE,Rv3450c,2.3944,1.16e-10,Induced
1645,PknK,OE,Rv2433c,2.41,0.002023725,Induced
1646,PknK,OE,Rv1988,2.4238,4.5e-19,Induced
1647,PknK,OE,Rv2979c,2.4383,8.95e-19,Induced
1648,PknK,OE,Rv0326,2.4468,2.95e-09,Induced
1649,PknK,OE,Rv0891c,2.4641,4.36e-07,Induced
1650,PknK,OE,Rv3776,2.4706,8.85e-19,Induced
1651,PknK,OE,Rv0560c,2.471,1.29e-19,Induced
1652,PknK,OE,Rv3550,2.4766,2.57e-14,Induced
1653,PknK,OE,Rv1025,2.4879,0.000234209,Induced
1654,PknK,OE,Rv3428c,2.4946,5.95e-06,Induced
1655,PknK,OE,Rv3271c,2.4951,2.73e-18,Induced
1656,PknK,OE,Rv2782c,2.5242,1.43e-24,Induced
1657,PknK,OE,Rv2058c,2.5435,5.59e-07,Induced
1658,PknK,OE,Rv1653,2.5468,9.51e-13,Induced
1659,PknK,OE,Rv3202c,2.56,5.95e-20,Induced
1660,PknK,OE,Rv2541,2.57,1.69e-09,Induced
1661,PknK,OE,Rv1655,2.5717,3.73e-10,Induced
1662,PknK,OE,Rv1768,2.5981,4.51e-17,Induced
1663,PknK,OE,Rv3551,2.6086,1.13e-12,Induced
1664,PknK,OE,Rv0620,2.6268,1.43e-05,Induced
1665,PknK,OE,Rv1386,2.6294,4.37e-23,Induced
1666,PknK,OE,Rv0467,2.6317,4.07e-26,Induced
1667,PknK,OE,Rv3743c,2.6386,3.95e-18,Induced
1668,PknK,OE,Rv2839c,2.6522,2.75e-30,Induced
1669,PknK,OE,Rv1717,2.6656,0.001308664,Induced
1670,PknK,OE,Rv1282c,2.7259,3.96e-09,Induced
1671,PknK,OE,Rv1687c,2.7271,1.05e-22,Induced
1672,PknK,OE,Rv2013,2.7417,3.91e-06,Induced
1673,PknK,OE,Rv2990c,2.7864,7.27e-36,Induced
1674,PknK,OE,Rv1654,2.8039,1.21e-20,Induced
1675,PknK,OE,Rv2886c,2.8136,3.19e-11,Induced
1676,PknK,OE,Rv0674,2.831,5.59e-20,Induced
1677,PknK,OE,Rv3022c,2.8396,0.008413616,Induced
1678,PknK,OE,Rv0281,2.8677,2.71e-39,Induced
1679,PknK,OE,Rv1968,2.8713,1.32e-12,Induced
1680,PknK,OE,Rv3864,2.8716,6.68e-38,Induced
1681,PknK,OE,Rv2832c,2.8988,5.65e-09,Induced
1682,PknK,OE,Rv1963c,2.9084,2.9e-25,Induced
1683,PknK,OE,Rv0023,2.9211,3.38e-22,Induced
1684,PknK,OE,Rv2911,2.9381,2.23e-20,Induced
1685,PknK,OE,Rv2099c,2.943,3.21e-07,Induced
1686,PknK,OE,Rv1591,2.9674,7.57e-21,Induced
1687,PknK,OE,Rv1652,2.9934,4.81e-17,Induced
1688,PknK,OE,Rv2837c,3.0109,2.21e-25,Induced
1689,PknK,OE,Rv3552,3.0742,3.99e-11,Induced
1690,PknK,OE,Rv3892c,3.1055,7.77e-15,Induced
1691,PknK,OE,Rv0672,3.1249,1.4e-41,Induced
1692,PknK,OE,Rv1258c,3.1629,1.21e-19,Induced
1693,PknK,OE,Rv0284,3.1782,9.57e-36,Induced
1694,PknK,OE,Rv1933c,3.204,4.19e-19,Induced
1695,PknK,OE,Rv0673,3.2102,1.83e-31,Induced
1696,PknK,OE,Rv3829c,3.2562,2.88e-22,Induced
1697,PknK,OE,Rv2056c,3.2701,2.82e-06,Induced
1698,PknK,OE,Rv3074,3.272,3.92e-31,Induced
1699,PknK,OE,Rv2107,3.3008,2.54e-05,Induced
1700,PknK,OE,Rv2098c,3.316,3.28e-14,Induced
1701,PknK,OE,Rv2836c,3.3184,3.38e-23,Induced
1702,PknK,OE,Rv3860,3.3439,6.46e-34,Induced
1703,PknK,OE,Rv3174,3.3938,3.29e-06,Induced
1704,PknK,OE,Rv0280,3.4124,1.98e-56,Induced
1705,PknK,OE,Rv2251,3.4199,4.05e-33,Induced
1706,PknK,OE,Rv2838c,3.4265,1.69e-31,Induced
1707,PknK,OE,Rv2249c,3.4339,2.06e-26,Induced
1708,PknK,OE,Rv1967,3.4778,1.61e-16,Induced
1709,PknK,OE,Rv0106,3.6006,1.37e-23,Induced
1710,PknK,OE,Rv1966,3.604,3.95e-20,Induced
1711,PknK,OE,Rv3022A,3.6945,4.57e-05,Induced
1712,PknK,OE,Rv0283,3.7025,3.2e-38,Induced
1713,PknK,OE,Rv1714,3.7056,1.91e-15,Induced
1714,PknK,OE,Rv2250A,3.729,8.03e-29,Induced
1715,PknK,OE,Rv3394c,3.7742,6.52e-19,Induced
1716,PknK,OE,Rv1965,3.8337,9.5e-22,Induced
1717,PknK,OE,Rv0282,3.9312,7.9e-57,Induced
1718,PknK,OE,Rv0576,4.045,2.58e-63,Induced
1719,PknK,OE,Rv1378c,4.0651,9.28e-41,Induced
1720,PknK,OE,Rv1964,4.0751,9.64e-37,Induced
1721,PknK,OE,Rv2250c,4.3776,3.05e-23,Induced
1722,PknK,OE,Rv1937,4.4438,1.7e-73,Induced
1723,PknK,OE,Rv1940,4.4903,6.77e-23,Induced
1724,PknK,OE,Rv3862c,4.6233,2.05e-50,Induced
1725,PknK,OE,Rv2450c,4.8733,1.26e-19,Induced
1726,PknK,OE,Rv1939,4.9857,1.62e-33,Induced
1727,PknK,OE,Rv3861,5.0474,7.96e-53,Induced
1728,PknK,OE,Rv0021c,5.1829,1.19e-54,Induced
1729,PknK,OE,Rv1938,5.2862,1.08e-50,Induced
1730,PknK,OE,Rv3395c,5.7301,7.16e-34,Induced
1731,PknK,OE,Rv0077c,5.9419,2.69e-51,Induced
1732,PknK,OE,Rv1936,6.7723,3.07e-142,Induced
1733,PknK,OE,Rv1934c,7.3444,2.29e-52,Induced
1734,PknK,OE,Rv0022c,7.3577,4.56e-32,Induced
1735,PknK,OE,Rv1935c,7.8272,1.28e-85,Induced
1736,PknK,LOF,Rv2035,-3.7952,3.67e-26,Repressed
1737,PknK,LOF,Rv2621c,-3.7831,1.67e-49,Repressed
1738,PknK,LOF,Rv0792c,-3.5723,1.21e-38,Repressed
1739,PknK,LOF,Rv0768,-3.4581,3.97e-47,Repressed
1740,PknK,LOF,Rv0837c,-3.341,2.96e-16,Repressed
1741,PknK,LOF,Rv3252c,-3.3308,1.55e-31,Repressed
1742,PknK,LOF,Rv2661c,-3.3254,3.08e-39,Repressed
1743,PknK,LOF,Rv2466c,-3.2845,8.52e-33,Repressed
1744,PknK,LOF,Rv2034,-3.2797,3.39e-18,Repressed
1745,PknK,LOF,Rv2662,-3.2145,1.37e-20,Repressed
1746,PknK,LOF,Rv1471,-3.1851,4.68e-15,Repressed
1747,PknK,LOF,Rv2620c,-3.1565,1.79e-26,Repressed
1748,PknK,LOF,Rv1219c,-3.0623,1.26e-14,Repressed
1749,PknK,LOF,Rv2012,-2.9813,3.11e-15,Repressed
1750,PknK,LOF,Rv1130,-2.9535,3.72e-08,Repressed
1751,PknK,LOF,Rv1169c,-2.9105,2.39e-13,Repressed
1752,PknK,LOF,Rv3571,-2.9098,4.05e-27,Repressed
1753,PknK,LOF,Rv2660c,-2.7759,4.89e-35,Repressed
1754,PknK,LOF,Rv0586,-2.7591,2.27e-32,Repressed
1755,PknK,LOF,Rv0232,-2.7379,1.29e-28,Repressed
1756,PknK,LOF,Rv3463,-2.7374,1.91e-18,Repressed
1757,PknK,LOF,Rv1048c,-2.7367,1.24e-19,Repressed
1758,PknK,LOF,Rv2913c,-2.6142,4.52e-22,Repressed
1759,PknK,LOF,Rv1218c,-2.573,4.25e-21,Repressed
1760,PknK,LOF,Rv1168c,-2.5675,7.55e-35,Repressed
1761,PknK,LOF,Rv2517c,-2.5642,4.44e-11,Repressed
1762,PknK,LOF,Rv0302,-2.5394,9.49e-18,Repressed
1763,PknK,LOF,Rv1875,-2.5216,1.25e-19,Repressed
1764,PknK,LOF,Rv0793,-2.5169,3.95e-06,Repressed
1765,PknK,LOF,Rv2016,-2.5019,8.29e-13,Repressed
1766,PknK,LOF,Rv2010,-2.4747,3.85e-20,Repressed
1767,PknK,LOF,Rv2619c,-2.4682,1.73e-14,Repressed
1768,PknK,LOF,Rv1804c,-2.4472,7.74e-10,Repressed
1769,PknK,LOF,Rv3526,-2.4335,3.23e-27,Repressed
1770,PknK,LOF,Rv2011c,-2.4317,6.18e-19,Repressed
1771,PknK,LOF,Rv1895,-2.4191,5.72e-20,Repressed
1772,PknK,LOF,Rv3531c,-2.3928,1.79e-22,Repressed
1773,PknK,LOF,Rv2516c,-2.3916,3.15e-24,Repressed
1774,PknK,LOF,Rv2398c,-2.3911,5.34e-10,Repressed
1775,PknK,LOF,Rv2053c,-2.372,4.27e-24,Repressed
1776,PknK,LOF,Rv0711,-2.3631,3.88e-26,Repressed
1777,PknK,LOF,Rv1131,-2.3508,4.56e-05,Repressed
1778,PknK,LOF,Rv2036,-2.3327,3.61e-22,Repressed
1779,PknK,LOF,Rv0767c,-2.3221,4.06e-17,Repressed
1780,PknK,LOF,Rv2399c,-2.3221,6.25e-17,Repressed
1781,PknK,LOF,Rv3060c,-2.3102,6.29e-26,Repressed
1782,PknK,LOF,Rv2622,-2.2972,4.67e-12,Repressed
1783,PknK,LOF,Rv3570c,-2.2943,5.91e-23,Repressed
1784,PknK,LOF,Rv2745c,-2.2704,9.53e-19,Repressed
1785,PknK,LOF,Rv0991c,-2.2688,1.36e-19,Repressed
1786,PknK,LOF,Rv1801,-2.2667,3.38e-17,Repressed
1787,PknK,LOF,Rv1057,-2.2659,3.31e-16,Repressed
1788,PknK,LOF,Rv0791c,-2.2506,5.06e-30,Repressed
1789,PknK,LOF,Rv0654,-2.229,5.42e-09,Repressed
1790,PknK,LOF,Rv2086,-2.2124,1.94e-11,Repressed
1791,PknK,LOF,Rv2009,-2.1943,1.51e-12,Repressed
1792,PknK,LOF,Rv0465c,-2.1766,1.22e-08,Repressed
1793,PknK,LOF,Rv1129c,-2.134,0.000157577,Repressed
1794,PknK,LOF,Rv3334,-2.1259,6.11e-17,Repressed
1795,PknK,LOF,Rv1221,-2.1118,1.69e-25,Repressed
1796,PknK,LOF,Rv3223c,-2.1054,1.59e-16,Repressed
1797,PknK,LOF,Rv1044,-2.1002,6.96e-07,Repressed
1798,PknK,LOF,Rv2694c,-2.0717,8.37e-18,Repressed
1799,PknK,LOF,Rv3862c,-2.063,2.51e-05,Repressed
1800,PknK,LOF,Rv3516,-2.0444,4.32e-11,Repressed
1801,PknK,LOF,Rv2400c,-2.0316,3.12e-14,Repressed
1802,PknK,LOF,Rv1587c,-2.0303,3.44e-09,Repressed
1803,PknK,LOF,Rv0990c,-2.0292,1.66e-08,Repressed
1804,PknK,LOF,Rv2391,-2.026,8.24e-18,Repressed
1805,PknK,LOF,Rv2618,-2.0142,5.35e-11,Repressed
1806,PknK,LOF,Rv3161c,-2.012,1.21e-21,Repressed
1807,PknK,LOF,Rv0766c,-2.0104,1.87e-18,Repressed
1808,PknK,LOF,Rv3861,-2.0085,0.000178713,Repressed
1809,PknK,LOF,Rv1733c,2.0508,3.6e-30,Induced
1810,PknK,LOF,Rv0356c,2.055,1.78e-10,Induced
1811,PknK,LOF,Rv3477,2.0953,4.99e-16,Induced
1812,PknK,LOF,Rv3611,2.0964,7.4e-10,Induced
1813,PknK,LOF,Rv3507,2.13,8.67e-29,Induced
1814,PknK,LOF,Rv1196,2.1433,1.27e-19,Induced
1815,PknK,LOF,Rv1652,2.1551,1.94e-11,Induced
1816,PknK,LOF,Rv0569,2.2092,1.99e-41,Induced
1817,PknK,LOF,Rv0570,2.3565,7.99e-37,Induced
1818,PknK,LOF,Rv2033c,2.3654,1.01e-21,Induced
1819,PknK,LOF,Rv1654,2.3738,1.38e-21,Induced
1820,PknK,LOF,Rv2329c,2.429,2.98e-22,Induced
1821,PknK,LOF,Rv1657,2.4631,8.43e-13,Induced
1822,PknK,LOF,Rv3686c,2.5389,3.4e-15,Induced
1823,PknK,LOF,Rv3616c,2.6108,2.83e-40,Induced
1824,PknK,LOF,Rv0098,2.6122,1.09e-05,Induced
1825,PknK,LOF,Rv1655,2.6322,1.94e-14,Induced
1826,PknK,LOF,Rv0097,2.6509,2.47e-10,Induced
1827,PknK,LOF,Rv1653,2.701,8.42e-33,Induced
1828,PknK,LOF,Rv3077,2.83,3.17e-15,Induced
1829,PknK,LOF,Rv1998c,2.8814,5.58e-34,Induced
1830,PknK,LOF,Rv0572c,3.018,9.52e-33,Induced
1831,PknK,LOF,Rv1195,3.1154,3.55e-22,Induced
1832,PknK,LOF,Rv3615c,3.2119,1.79e-38,Induced
1833,PknK,LOF,Rv0096,3.4857,3.22e-11,Induced
1834,PknK,LOF,Rv3612c,3.5357,3.41e-24,Induced
1835,PknK,LOF,Rv3614c,3.7823,7.78e-48,Induced
1836,PknK,LOF,Rv3613c,4.2423,9.04e-40,Induced
1837,PknK,LOF,Rv3078,4.8844,1.03e-37,Induced
1838,PknK,LOF,Rv3079c,5.2529,2.91e-80,Induced
1839,PknL,OE,Rv0252,-6.4819,1.61e-155,Repressed
1840,PknL,OE,Rv3371,-6.1604,2.03e-155,Repressed
1841,PknL,OE,Rv3131,-5.0268,8.74e-24,Repressed
1842,PknL,OE,Rv1542c,-5.0186,2.02e-99,Repressed
1843,PknL,OE,Rv0260c,-4.9392,9.95e-89,Repressed
1844,PknL,OE,Rv0253,-4.7833,4.85e-155,Repressed
1845,PknL,OE,Rv1734c,-4.6922,5.89e-155,Repressed
1846,PknL,OE,Rv1535,-4.1551,3.11e-70,Repressed
1847,PknL,OE,Rv2321c,-3.8232,1.7e-67,Repressed
1848,PknL,OE,Rv2320c,-3.635,1.02e-149,Repressed
1849,PknL,OE,Rv3290c,-3.4839,6.48e-151,Repressed
1850,PknL,OE,Rv3127,-3.4547,1.5e-22,Repressed
1851,PknL,OE,Rv3130c,-3.3103,7.44e-09,Repressed
1852,PknL,OE,Rv0747,-3.2974,5.18e-138,Repressed
1853,PknL,OE,Rv1996,-3.2803,2.44e-25,Repressed
1854,PknL,OE,Rv2322c,-3.2654,5.85e-68,Repressed
1855,PknL,OE,Rv3743c,-3.2486,2.25e-140,Repressed
1856,PknL,OE,Rv0259c,-3.2261,3.15e-78,Repressed
1857,PknL,OE,Rv3372,-3.2161,7.27e-137,Repressed
1858,PknL,OE,Rv2319c,-3.1873,1.37e-59,Repressed
1859,PknL,OE,Rv1536,-3.1681,2.38e-42,Repressed
1860,PknL,OE,Rv1738,-3.131,1.71e-07,Repressed
1861,PknL,OE,Rv0261c,-3.0971,5.79e-82,Repressed
1862,PknL,OE,Rv1163,-3.0791,1.86e-47,Repressed
1863,PknL,OE,Rv2627c,-3.0325,2e-12,Repressed
1864,PknL,OE,Rv2558,-3.0312,6.16e-92,Repressed
1865,PknL,OE,Rv1807,-3.0287,1.02e-30,Repressed
1866,PknL,OE,Rv3416,-3.0152,6.06e-132,Repressed
1867,PknL,OE,Rv2160A,-2.9764,2.2e-133,Repressed
1868,PknL,OE,Rv3633,-2.9507,3.59e-65,Repressed
1869,PknL,OE,Rv2159c,-2.948,5.05e-83,Repressed
1870,PknL,OE,Rv2557,-2.9136,2.14e-78,Repressed
1871,PknL,OE,Rv2780,-2.9088,1.61e-73,Repressed
1872,PknL,OE,Rv2395B,-2.9056,2.5e-138,Repressed
1873,PknL,OE,Rv1161,-2.8992,3.61e-122,Repressed
1874,PknL,OE,Rv2160c,-2.8714,5.58e-108,Repressed
1875,PknL,OE,Rv1554,-2.8691,2.98e-48,Repressed
1876,PknL,OE,Rv1808,-2.802,8.2e-74,Repressed
1877,PknL,OE,Rv2559c,-2.7936,6.85e-88,Repressed
1878,PknL,OE,Rv2329c,-2.7932,3e-75,Repressed
1879,PknL,OE,Rv1181,-2.7517,6.89e-78,Repressed
1880,PknL,OE,Rv1162,-2.7333,3.73e-127,Repressed
1881,PknL,OE,Rv2158c,-2.7179,1.02e-103,Repressed
1882,PknL,OE,Rv0106,-2.6697,1.46e-95,Repressed
1883,PknL,OE,Rv2395A,-2.6694,2e-126,Repressed
1884,PknL,OE,Rv2933,-2.667,2.58e-118,Repressed
1885,PknL,OE,Rv0280,-2.6484,4.11e-79,Repressed
1886,PknL,OE,Rv1164,-2.6242,1.54e-121,Repressed
1887,PknL,OE,Rv1180,-2.5913,5.62e-126,Repressed
1888,PknL,OE,Rv1638A,-2.5692,8.51e-106,Repressed
1889,PknL,OE,Rv1553,-2.5331,3.83e-41,Repressed
1890,PknL,OE,Rv1705c,-2.5174,8.73e-75,Repressed
1891,PknL,OE,Rv2323c,-2.482,1.52e-44,Repressed
1892,PknL,OE,Rv0297,-2.4474,9.61e-91,Repressed
1893,PknL,OE,Rv1809,-2.4422,1.58e-58,Repressed
1894,PknL,OE,Rv2584c,-2.4272,1.02e-70,Repressed
1895,PknL,OE,Rv2932,-2.3986,1.53e-95,Repressed
1896,PknL,OE,Rv1622c,-2.3892,4.26e-13,Repressed
1897,PknL,OE,Rv2161c,-2.3886,2.88e-117,Repressed
1898,PknL,OE,Rv0417,-2.3807,6.99e-41,Repressed
1899,PknL,OE,Rv0254c,-2.3355,8.08e-57,Repressed
1900,PknL,OE,Rv1555,-2.2884,5e-38,Repressed
1901,PknL,OE,Rv0397A,-2.2668,2.35e-84,Repressed
1902,PknL,OE,Rv0622,-2.2654,1.9e-45,Repressed
1903,PknL,OE,Rv3134c,-2.2283,8.73e-11,Repressed
1904,PknL,OE,Rv3891c,-2.1861,1.35e-77,Repressed
1905,PknL,OE,Rv1087,-2.1757,6.45e-103,Repressed
1906,PknL,OE,Rv2157c,-2.1732,8.78e-98,Repressed
1907,PknL,OE,Rv0398c,-2.1665,4.45e-87,Repressed
1908,PknL,OE,Rv1621c,-2.133,2.83e-22,Repressed
1909,PknL,OE,Rv3615c,-2.0877,1.23e-51,Repressed
1910,PknL,OE,Rv3507,-2.0764,5.92e-63,Repressed
1911,PknL,OE,Rv0569,-2.0479,5.22e-20,Repressed
1912,PknL,OE,Rv0834c,-2.0308,1.92e-63,Repressed
1913,PknL,OE,Rv1552,-2.0285,1.6e-48,Repressed
1914,PknL,OE,Rv1639c,-2.0261,3.44e-77,Repressed
1915,PknL,OE,Rv3616c,-2.0189,4.79e-60,Repressed
1916,PknL,OE,Rv2628,-2.0167,1.03e-10,Repressed
1917,PknL,OE,Rv1706c,-2.0099,6.01e-57,Repressed
1918,PknL,OE,Rv1644,2.0029,3.63e-40,Induced
1919,PknL,OE,Rv2651c,2.0185,1.35e-22,Induced
1920,PknL,OE,Rv3152,2.0202,6.33e-31,Induced
1921,PknL,OE,Rv2862A,2.0243,0.001849601,Induced
1922,PknL,OE,Rv1717,2.0274,1.34e-05,Induced
1923,PknL,OE,Rv0241c,2.0442,1.33e-34,Induced
1924,PknL,OE,Rv1129c,2.0474,1.93e-13,Induced
1925,PknL,OE,Rv2033c,2.0476,1.8e-21,Induced
1926,PknL,OE,Rv2054,2.0482,4.33e-20,Induced
1927,PknL,OE,Rv2085,2.0499,8.32e-12,Induced
1928,PknL,OE,Rv0240,2.0502,5.75e-23,Induced
1929,PknL,OE,Rv0974c,2.0514,1.51e-14,Induced
1930,PknL,OE,Rv2428,2.0572,7.96e-18,Induced
1931,PknL,OE,Rv3455c,2.059,9.26e-38,Induced
1932,PknL,OE,Rv1612,2.067,3.39e-46,Induced
1933,PknL,OE,Rv2783c,2.0736,1.84e-35,Induced
1934,PknL,OE,Rv0485,2.0753,4.32e-36,Induced
1935,PknL,OE,Rv2075c,2.0753,2.34e-39,Induced
1936,PknL,OE,Rv2886c,2.0859,7.04e-17,Induced
1937,PknL,OE,Rv3586,2.0939,1.7e-31,Induced
1938,PknL,OE,Rv1115,2.0973,1.04e-11,Induced
1939,PknL,OE,Rv0596c,2.1001,1.56e-06,Induced
1940,PknL,OE,Rv1157c,2.1022,1.03e-35,Induced
1941,PknL,OE,Rv1631,2.1036,1.74e-49,Induced
1942,PknL,OE,Rv2251,2.1095,3.22e-21,Induced
1943,PknL,OE,Rv3102c,2.1098,2.6e-22,Induced
1944,PknL,OE,Rv2364c,2.1103,1.33e-22,Induced
1945,PknL,OE,Rv3157,2.1137,7.44e-28,Induced
1946,PknL,OE,Rv2643,2.1158,4.77e-24,Induced
1947,PknL,OE,Rv3282,2.1177,3.25e-32,Induced
1948,PknL,OE,Rv0841,2.1189,4.13e-12,Induced
1949,PknL,OE,Rv3922c,2.1269,4.2e-29,Induced
1950,PknL,OE,Rv3918c,2.1439,3.7e-33,Induced
1951,PknL,OE,Rv2074,2.1454,4.48e-35,Induced
1952,PknL,OE,Rv3810,2.1457,2.64e-49,Induced
1953,PknL,OE,Rv3012c,2.1552,2.98e-06,Induced
1954,PknL,OE,Rv1591,2.1599,2.23e-33,Induced
1955,PknL,OE,Rv1457c,2.1728,1.17e-18,Induced
1956,PknL,OE,Rv1594,2.1819,2.04e-56,Induced
1957,PknL,OE,Rv0694,2.1853,4.74e-49,Induced
1958,PknL,OE,Rv2034,2.1934,4.78e-27,Induced
1959,PknL,OE,Rv1277,2.2133,8.88e-30,Induced
1960,PknL,OE,Rv2164c,2.2138,4.17e-25,Induced
1961,PknL,OE,Rv0975c,2.2141,9.41e-17,Induced
1962,PknL,OE,Rv0380c,2.2172,4.79e-28,Induced
1963,PknL,OE,Rv2872,2.2197,1.76e-19,Induced
1964,PknL,OE,Rv3454,2.2209,1.07e-21,Induced
1965,PknL,OE,Rv0541c,2.226,6.34e-32,Induced
1966,PknL,OE,Rv0976c,2.229,4.37e-18,Induced
1967,PknL,OE,Rv3366,2.2302,1.08e-07,Induced
1968,PknL,OE,Rv2863,2.2334,1.15e-08,Induced
1969,PknL,OE,Rv2894c,2.235,3.37e-29,Induced
1970,PknL,OE,Rv1714,2.2448,9.85e-15,Induced
1971,PknL,OE,Rv0052,2.245,5.79e-17,Induced
1972,PknL,OE,Rv1716,2.2488,1.67e-11,Induced
1973,PknL,OE,Rv2601A,2.2492,1.7e-20,Induced
1974,PknL,OE,Rv3026c,2.2493,1.2e-17,Induced
1975,PknL,OE,Rv3587c,2.2863,8.79e-40,Induced
1976,PknL,OE,Rv3209,2.2876,2.49e-19,Induced
1977,PknL,OE,Rv1593c,2.2903,4.02e-27,Induced
1978,PknL,OE,Rv1815,2.2913,2.12e-44,Induced
1979,PknL,OE,Rv3310,2.292,3.27e-30,Induced
1980,PknL,OE,Rv0083,2.2943,2.3e-29,Induced
1981,PknL,OE,Rv3188,2.2973,1.36e-23,Induced
1982,PknL,OE,Rv0467,2.3039,6.37e-31,Induced
1983,PknL,OE,Rv0057,2.3087,6.39e-33,Induced
1984,PknL,OE,Rv0302,2.3099,2.62e-35,Induced
1985,PknL,OE,Rv3247c,2.3152,9.44e-32,Induced
1986,PknL,OE,Rv1708,2.3187,2.13e-36,Induced
1987,PknL,OE,Rv0597c,2.3275,3.79e-34,Induced
1988,PknL,OE,Rv3794,2.329,4.12e-47,Induced
1989,PknL,OE,Rv0341,2.3358,9.94e-44,Induced
1990,PknL,OE,Rv1045,2.3516,4.17e-24,Induced
1991,PknL,OE,Rv0519c,2.3574,2.78e-25,Induced
1992,PknL,OE,Rv2600,2.3652,3e-25,Induced
1993,PknL,OE,Rv0242c,2.3667,9.48e-56,Induced
1994,PknL,OE,Rv2552c,2.3693,3.6e-32,Induced
1995,PknL,OE,Rv2816c,2.3698,2.45e-37,Induced
1996,PknL,OE,Rv1241,2.3708,7.74e-23,Induced
1997,PknL,OE,Rv1252c,2.3761,5.36e-16,Induced
1998,PknL,OE,Rv2190c,2.3838,2.01e-48,Induced
1999,PknL,OE,Rv1883c,2.3958,8.5e-46,Induced
2000,PknL,OE,Rv1816,2.397,4.78e-43,Induced
2001,PknL,OE,Rv0226c,2.3992,3.26e-33,Induced
2002,PknL,OE,Rv0081,2.4049,4.64e-22,Induced
2003,PknL,OE,Rv0651,2.405,1.32e-35,Induced
2004,PknL,OE,Rv1242,2.4094,3.84e-25,Induced
2005,PknL,OE,Rv2248,2.4122,5.53e-35,Induced
2006,PknL,OE,Rv2256c,2.4161,7.61e-55,Induced
2007,PknL,OE,Rv2592c,2.4199,1.19e-28,Induced
2008,PknL,OE,Rv2253,2.423,8.26e-16,Induced
2009,PknL,OE,Rv2349c,2.4275,2.44e-34,Induced
2010,PknL,OE,Rv1131,2.4588,1.4e-21,Induced
2011,PknL,OE,Rv1709,2.4744,4.54e-40,Induced
2012,PknL,OE,Rv1460,2.4861,9.85e-44,Induced
2013,PknL,OE,Rv0652,2.4873,1.68e-12,Induced
2014,PknL,OE,Rv2719c,2.5024,2.63e-21,Induced
2015,PknL,OE,Rv1043c,2.5034,6.51e-30,Induced
2016,PknL,OE,Rv2250A,2.5073,9.88e-19,Induced
2017,PknL,OE,Rv0991c,2.5109,1.5e-30,Induced
2018,PknL,OE,Rv1882c,2.5364,1.57e-52,Induced
2019,PknL,OE,Rv2986c,2.5491,2.69e-16,Induced
2020,PknL,OE,Rv3921c,2.5678,9.36e-45,Induced
2021,PknL,OE,Rv0082,2.5745,2.61e-28,Induced
2022,PknL,OE,Rv1251c,2.5798,1.83e-57,Induced
2023,PknL,OE,Rv1573,2.5807,5.35e-09,Induced
2024,PknL,OE,Rv0179c,2.598,6.68e-59,Induced
2025,PknL,OE,Rv1386,2.6056,1.39e-48,Induced
2026,PknL,OE,Rv2011c,2.6063,3.58e-15,Induced
2027,PknL,OE,Rv2601,2.6211,6.37e-33,Induced
2028,PknL,OE,Rv0129c,2.6254,6.94e-68,Induced
2029,PknL,OE,Rv3717,2.6491,2.6e-30,Induced
2030,PknL,OE,Rv3260c,2.6535,6.88e-63,Induced
2031,PknL,OE,Rv0430,2.6549,5.95e-49,Induced
2032,PknL,OE,Rv0653c,2.6692,1.55e-34,Induced
2033,PknL,OE,Rv1592c,2.6715,1.97e-53,Induced
2034,PknL,OE,Rv0996,2.6766,3.87e-59,Induced
2035,PknL,OE,Rv3054c,2.6848,1.18e-23,Induced
2036,PknL,OE,Rv1613,2.6944,1.42e-53,Induced
2037,PknL,OE,Rv1614,2.7139,3.61e-58,Induced
2038,PknL,OE,Rv3330,2.7255,1.01e-33,Induced
2039,PknL,OE,Rv0847,2.7351,1.29e-62,Induced
2040,PknL,OE,Rv3122,2.7372,1.78e-33,Induced
2041,PknL,OE,Rv0022c,2.7706,9.46e-12,Induced
2042,PknL,OE,Rv0848,2.7708,2.86e-53,Induced
2043,PknL,OE,Rv0867c,2.8131,2.59e-51,Induced
2044,PknL,OE,Rv2642,2.8185,2.7e-35,Induced
2045,PknL,OE,Rv2737c,2.8328,2.06e-62,Induced
2046,PknL,OE,Rv3267,2.8711,1.82e-66,Induced
2047,PknL,OE,Rv3414c,2.885,3.13e-48,Induced
2048,PknL,OE,Rv2189c,2.8915,1.21e-59,Induced
2049,PknL,OE,Rv0312,2.976,9.48e-56,Induced
2050,PknL,OE,Rv2350c,2.9947,1.76e-36,Induced
2051,PknL,OE,Rv2864c,3.0163,1.3e-47,Induced
2052,PknL,OE,Rv1754c,3.0297,2.24e-44,Induced
2053,PknL,OE,Rv0040c,3.0328,2.85e-51,Induced
2054,PknL,OE,Rv2927c,3.0356,2.58e-67,Induced
2055,PknL,OE,Rv1884c,3.0363,3.05e-65,Induced
2056,PknL,OE,Rv0990c,3.0398,1.63e-45,Induced
2057,PknL,OE,Rv2255c,3.0473,2.39e-38,Induced
2058,PknL,OE,Rv2782c,3.0879,4.25e-83,Induced
2059,PknL,OE,Rv3027c,3.1015,2.76e-39,Induced
2060,PknL,OE,Rv3259,3.1107,2.76e-58,Induced
2061,PknL,OE,Rv2254c,3.1586,2.01e-29,Induced
2062,PknL,OE,Rv3920c,3.173,1.41e-79,Induced
2063,PknL,OE,Rv2165c,3.1808,3.29e-56,Induced
2064,PknL,OE,Rv2147c,3.1955,1.98e-48,Induced
2065,PknL,OE,Rv3417c,3.2465,2.32e-82,Induced
2066,PknL,OE,Rv0062,3.2587,3.99e-49,Induced
2067,PknL,OE,Rv1076,3.2599,5.9e-35,Induced
2068,PknL,OE,Rv3660c,3.2768,7.21e-45,Induced
2069,PknL,OE,Rv1158c,3.2775,1.1e-28,Induced
2070,PknL,OE,Rv2987c,3.2899,9.63e-61,Induced
2071,PknL,OE,Rv1566c,3.2995,6.24e-60,Induced
2072,PknL,OE,Rv0351,3.338,1.27e-32,Induced
2073,PknL,OE,Rv2594c,3.3505,3.7e-58,Induced
2074,PknL,OE,Rv3270,3.3888,2.89e-96,Induced
2075,PknL,OE,Rv1220c,3.4023,9.29e-45,Induced
2076,PknL,OE,Rv3258c,3.4412,5.74e-66,Induced
2077,PknL,OE,Rv1706A,3.4459,1.09e-16,Induced
2078,PknL,OE,Rv1698,3.4879,1.06e-71,Induced
2079,PknL,OE,Rv2525c,3.5141,6.44e-64,Induced
2080,PknL,OE,Rv2593c,3.5418,4.42e-31,Induced
2081,PknL,OE,Rv2748c,3.6243,9.18e-97,Induced
2082,PknL,OE,Rv2451,3.6743,4.54e-36,Induced
2083,PknL,OE,Rv2988c,3.7494,1.22e-93,Induced
2084,PknL,OE,Rv2166c,3.7593,4.01e-81,Induced
2085,PknL,OE,Rv0350,3.7745,1.36e-43,Induced
2086,PknL,OE,Rv2817c,3.7882,3.6e-115,Induced
2087,PknL,OE,Rv1478,3.8668,2.04e-64,Induced
2088,PknL,OE,Rv1477,3.882,1.84e-93,Induced
2089,PknL,OE,Rv2150c,3.9984,1.42e-101,Induced
2090,PknL,OE,Rv1697,4.0951,3.79e-112,Induced
2091,PknL,OE,Rv3418c,4.4892,8.47e-109,Induced
2092,PknL,OE,Rv3269,4.4951,1.54e-133,Induced
2093,PknL,OE,Rv3861,4.5376,1.47e-74,Induced
2094,PknL,OE,Rv3862c,4.685,1.73e-74,Induced
2095,PknL,OE,Rv1130,4.72,6.87e-131,Induced
2096,PknL,OE,Rv2450c,5.0239,1.2e-60,Induced
2097,PknL,OE,Rv1057,5.1221,5.05e-132,Induced
2098,PknL,OE,Rv0440,5.1791,2.43e-113,Induced
2099,PknL,LOF,Rv2590,2.0249,3.67e-21,Induced
